airport,year,hour,flights,mean_dep_delay_minutes,mean_taxi_out
ATL,2023,0,11,50.444,16.556
ATL,2023,5,1845,12.349,15.494
ATL,2023,6,8975,9.54,15.62
ATL,2023,7,15887,8.479,16.948
ATL,2023,8,27318,7.189,16.553
ATL,2023,9,24266,8.732,16.528
ATL,2023,10,21437,9.568,16.999
ATL,2023,11,21135,9.957,15.376
ATL,2023,12,17772,10.129,14.293
ATL,2023,13,16125,10.071,14.195
ATL,2023,14,16061,12.204,15.061
ATL,2023,15,23483,13.391,16.064
ATL,2023,16,19558,16.678,15.99
ATL,2023,17,17113,17.051,16.304
ATL,2023,18,16112,19.697,16.615
ATL,2023,19,19875,19.459,16.343
ATL,2023,20,18739,19.642,16.338
ATL,2023,21,19887,18.607,15.687
ATL,2023,22,25168,18.188,15.785
ATL,2023,23,5696,27.02,16.506
ATL,2024,5,2024,12.306,14.973
ATL,2024,6,6579,8.213,15.172
ATL,2024,7,13977,7.508,17.294
ATL,2024,8,27894,7.176,17.403
ATL,2024,9,24900,8.862,16.862
ATL,2024,10,20305,10.739,18.337
ATL,2024,11,24026,11.009,15.864
ATL,2024,12,18616,11.485,14.668
ATL,2024,13,17687,11.646,14.65
ATL,2024,14,16960,12.605,14.986
ATL,2024,15,24707,14.351,16.7
ATL,2024,16,19728,16.328,16.203
ATL,2024,17,17681,17.517,16.234
ATL,2024,18,16254,19.296,16.485
ATL,2024,19,22240,18.863,17.307
ATL,2024,20,16718,19.006,17.102
ATL,2024,21,22033,18.822,16.958
ATL,2024,22,25852,17.631,16.352
ATL,2024,23,3729,19.406,16.735
AUS,2023,5,4189,6.34,13.675
AUS,2023,6,6755,8.141,15.036
AUS,2023,7,6772,9.535,16.128
AUS,2023,8,5557,13.051,15.019
AUS,2023,9,5459,11.627,14.319
AUS,2023,10,5129,12.306,14.128
AUS,2023,11,4577,13.035,13.742
AUS,2023,12,5893,14.081,14.572
AUS,2023,13,5529,14.435,14.656
AUS,2023,14,6069,16.727,15.154
AUS,2023,15,5907,17.863,14.953
AUS,2023,16,6450,19.84,15.573
AUS,2023,17,5248,21.825,15.591
AUS,2023,18,5517,23.333,15.125
AUS,2023,19,5631,22.602,14.676
AUS,2023,20,3800,25.545,13.851
AUS,2023,21,3072,24.198,12.951
AUS,2023,22,1228,24.383,12.558
AUS,2023,23,31,56.633,13.7
AUS,2024,5,3429,5.812,13.949
AUS,2024,6,6451,8.014,14.956
AUS,2024,7,6137,9.502,16.123
AUS,2024,8,4784,11.661,15.16
AUS,2024,9,3994,12.987,14.609
AUS,2024,10,4645,13.602,14.823
AUS,2024,11,4293,13.532,14.603
AUS,2024,12,5864,14.24,14.923
AUS,2024,13,5326,16.733,15.174
AUS,2024,14,5991,17.716,15.592
AUS,2024,15,6437,24.608,16.043
AUS,2024,16,6444,24.189,15.798
AUS,2024,17,5005,26.485,15.217
AUS,2024,18,5450,26.166,15.26
AUS,2024,19,4889,25.366,14.587
AUS,2024,20,3416,22.787,13.307
AUS,2024,21,1776,24.224,12.268
AUS,2024,22,977,30.152,14.759
AUS,2024,23,36,19.444,14.0
BNA,2023,5,3865,7.707,14.211
BNA,2023,6,7372,8.023,17.387
BNA,2023,7,7769,8.946,16.607
BNA,2023,8,6392,7.745,15.598
BNA,2023,9,4160,8.426,15.003
BNA,2023,10,8221,8.758,16.2
BNA,2023,11,4995,13.203,14.43
BNA,2023,12,5387,10.879,14.699
BNA,2023,13,5141,13.195,14.903
BNA,2023,14,5096,15.454,14.763
BNA,2023,15,4960,18.342,14.702
BNA,2023,16,5461,21.389,15.923
BNA,2023,17,6505,22.294,16.749
BNA,2023,18,5612,22.451,15.374
BNA,2023,19,6634,21.09,14.921
BNA,2023,20,3568,22.843,13.892
BNA,2023,21,3623,19.862,13.418
BNA,2023,22,1728,24.867,12.54
BNA,2024,5,3759,9.149,16.064
BNA,2024,6,7581,9.584,17.018
BNA,2024,7,7615,8.463,16.878
BNA,2024,8,6563,8.388,15.826
BNA,2024,9,5234,9.799,14.918
BNA,2024,10,7691,9.821,15.946
BNA,2024,11,4869,12.043,14.828
BNA,2024,12,6163,10.966,14.558
BNA,2024,13,5222,14.108,14.68
BNA,2024,14,6100,16.308,14.934
BNA,2024,15,5861,17.814,15.068
BNA,2024,16,5908,19.079,16.147
BNA,2024,17,6349,21.976,16.524
BNA,2024,18,6840,20.895,16.405
BNA,2024,19,6289,24.624,15.425
BNA,2024,20,3915,20.917,13.679
BNA,2024,21,2791,24.654,12.733
BNA,2024,22,1470,19.42,12.866
BOS,2023,0,1,0.0,14.0
BOS,2023,5,4482,7.359,16.709
BOS,2023,6,11706,8.697,20.264
BOS,2023,7,13702,10.312,22.222
BOS,2023,8,11406,14.73,21.42
BOS,2023,9,8679,14.346,19.388
BOS,2023,10,6867,16.177,18.031
BOS,2023,11,7416,14.426,18.111
BOS,2023,12,7406,15.364,17.902
BOS,2023,13,6629,16.455,18.886
BOS,2023,14,7397,18.067,19.306
BOS,2023,15,8443,18.159,20.13
BOS,2023,16,9207,24.745,20.904
BOS,2023,17,9581,24.819,24.17
BOS,2023,18,9231,27.518,23.206
BOS,2023,19,7823,28.236,20.619
BOS,2023,20,6739,29.134,19.376
BOS,2023,21,2737,28.931,17.704
BOS,2023,22,940,19.222,18.159
BOS,2023,23,125,31.418,16.664
BOS,2024,5,4675,5.979,16.871
BOS,2024,6,12782,6.826,21.073
BOS,2024,7,14329,8.145,21.982
BOS,2024,8,11400,11.058,21.632
BOS,2024,9,8470,11.729,19.303
BOS,2024,10,7845,13.197,18.557
BOS,2024,11,7887,11.921,18.482
BOS,2024,12,7462,13.854,18.155
BOS,2024,13,6280,14.085,18.844
BOS,2024,14,7434,16.452,18.659
BOS,2024,15,8850,19.691,20.207
BOS,2024,16,8717,20.604,22.262
BOS,2024,17,10362,22.557,23.932
BOS,2024,18,8891,24.913,23.694
BOS,2024,19,8194,24.253,21.634
BOS,2024,20,7434,28.995,19.954
BOS,2024,21,2061,25.839,16.958
BOS,2024,22,403,32.771,14.672
BOS,2024,23,14,42.714,14.357
BWI,2023,5,747,10.839,13.106
BWI,2023,6,10121,6.999,15.82
BWI,2023,7,3897,8.687,14.326
BWI,2023,8,8650,8.258,16.449
BWI,2023,9,4138,10.854,14.175
BWI,2023,10,7344,9.474,14.131
BWI,2023,11,4440,10.563,13.038
BWI,2023,12,3964,12.963,13.31
BWI,2023,13,4246,14.266,13.218
BWI,2023,14,5339,19.34,13.846
BWI,2023,15,6391,21.746,14.127
BWI,2023,16,4456,21.713,13.888
BWI,2023,17,5408,22.283,15.176
BWI,2023,18,5364,26.876,14.716
BWI,2023,19,6805,25.151,14.523
BWI,2023,20,4447,26.982,13.772
BWI,2023,21,6217,27.122,13.221
BWI,2023,22,4234,33.019,12.642
BWI,2023,23,63,29.836,12.115
BWI,2024,5,790,6.184,13.124
BWI,2024,6,8973,6.891,16.223
BWI,2024,7,3985,8.158,15.095
BWI,2024,8,9445,7.445,18.361
BWI,2024,9,6204,10.725,15.079
BWI,2024,10,5618,10.656,13.996
BWI,2024,11,4605,11.573,13.628
BWI,2024,12,4335,12.995,13.459
BWI,2024,13,5176,14.8,13.641
BWI,2024,14,5592,17.502,14.143
BWI,2024,15,5965,20.661,14.606
BWI,2024,16,5368,20.625,14.743
BWI,2024,17,5489,21.681,15.57
BWI,2024,18,6251,23.294,15.618
BWI,2024,19,5351,26.449,15.264
BWI,2024,20,6145,26.369,15.326
BWI,2024,21,5982,31.842,14.639
BWI,2024,22,3223,31.527,13.753
BWI,2024,23,75,40.029,12.543
CLT,2023,0,171,28.222,20.789
CLT,2023,5,765,6.814,15.637
CLT,2023,6,3304,7.142,17.951
CLT,2023,7,13083,8.499,19.258
CLT,2023,8,3081,10.191,17.854
CLT,2023,9,20575,7.693,22.987
CLT,2023,10,4889,11.763,19.341
CLT,2023,11,20902,10.363,21.04
CLT,2023,12,3884,12.874,17.332
CLT,2023,13,15424,12.403,19.619
CLT,2023,14,14306,15.166,19.869
CLT,2023,15,6641,16.729,19.908
CLT,2023,16,17357,18.086,20.991
CLT,2023,17,5689,22.338,20.183
CLT,2023,18,19206,21.622,20.73
CLT,2023,19,4246,25.985,19.337
CLT,2023,20,21059,24.028,21.668
CLT,2023,21,4642,27.585,20.865
CLT,2023,22,15771,31.999,18.192
CLT,2023,23,105,26.27,18.87
CLT,2024,0,85,48.638,20.85
CLT,2024,1,2,41.5,13.0
CLT,2024,5,1050,11.148,16.59
CLT,2024,6,3280,8.51,19.12
CLT,2024,7,15655,8.152,20.819
CLT,2024,8,6221,10.756,17.587
CLT,2024,9,20326,9.908,26.203
CLT,2024,10,5144,12.584,20.547
CLT,2024,11,23045,13.186,23.073
CLT,2024,12,3670,16.302,17.435
CLT,2024,13,16188,15.056,20.487
CLT,2024,14,15487,18.406,20.536
CLT,2024,15,8599,22.953,20.56
CLT,2024,16,17721,22.871,22.643
CLT,2024,17,8361,27.821,22.04
CLT,2024,18,19018,28.377,21.375
CLT,2024,19,7121,31.722,20.568
CLT,2024,20,21198,31.231,22.704
CLT,2024,21,6967,31.461,20.676
CLT,2024,22,17516,35.165,20.313
CLT,2024,23,901,39.186,22.79
DAL,2023,6,6064,3.574,11.76
DAL,2023,7,5214,5.33,12.703
DAL,2023,8,4996,6.06,12.005
DAL,2023,9,4110,6.289,12.342
DAL,2023,10,4743,9.237,12.451
DAL,2023,11,3799,7.897,12.037
DAL,2023,12,4460,9.622,12.56
DAL,2023,13,4392,11.389,12.758
DAL,2023,14,4748,12.765,13.075
DAL,2023,15,4000,15.315,12.775
DAL,2023,16,4287,16.323,12.332
DAL,2023,17,4262,18.182,11.766
DAL,2023,18,4457,20.813,11.789
DAL,2023,19,3925,21.953,11.704
DAL,2023,20,4300,21.635,11.181
DAL,2023,21,3824,21.765,11.187
DAL,2023,22,3176,28.269,11.264
DAL,2024,6,5708,3.972,12.07
DAL,2024,7,4291,5.158,12.928
DAL,2024,8,5016,5.717,12.79
DAL,2024,9,4414,7.88,13.177
DAL,2024,10,4336,10.291,13.418
DAL,2024,11,4738,11.884,13.613
DAL,2024,12,4620,13.87,13.615
DAL,2024,13,4542,16.01,14.022
DAL,2024,14,4851,16.837,14.482
DAL,2024,15,4129,19.136,14.134
DAL,2024,16,4526,20.133,14.036
DAL,2024,17,4251,21.717,13.097
DAL,2024,18,4379,25.132,12.374
DAL,2024,19,4389,26.391,11.988
DAL,2024,20,4048,24.824,11.429
DAL,2024,21,2864,26.432,11.359
DAL,2024,22,1572,27.143,11.788
DCA,2023,5,938,10.9,17.141
DCA,2023,6,9853,7.606,17.374
DCA,2023,7,6739,7.684,18.348
DCA,2023,8,13565,8.709,26.055
DCA,2023,9,5378,11.004,20.862
DCA,2023,10,11401,10.736,23.014
DCA,2023,11,8341,10.599,17.318
DCA,2023,12,6953,11.967,18.615
DCA,2023,13,9493,12.582,21.845
DCA,2023,14,7621,14.304,21.589
DCA,2023,15,10583,16.596,23.874
DCA,2023,16,6307,18.496,19.163
DCA,2023,17,11178,17.957,22.059
DCA,2023,18,7118,20.788,19.668
DCA,2023,19,8328,18.724,20.003
DCA,2023,20,7897,18.12,22.946
DCA,2023,21,1090,11.62,16.56
DCA,2023,22,7208,15.378,19.41
DCA,2023,23,14,3.545,14.091
DCA,2024,5,947,11.735,15.927
DCA,2024,6,9577,7.383,17.367
DCA,2024,7,6580,9.137,19.12
DCA,2024,8,14033,9.844,26.432
DCA,2024,9,4666,12.951,20.588
DCA,2024,10,11181,12.698,22.421
DCA,2024,11,8382,11.919,17.884
DCA,2024,12,7994,11.78,18.71
DCA,2024,13,8636,15.268,20.28
DCA,2024,14,7389,15.049,20.224
DCA,2024,15,10685,18.43,22.662
DCA,2024,16,6080,20.507,18.591
DCA,2024,17,12164,20.998,21.938
DCA,2024,18,6149,22.984,19.247
DCA,2024,19,8933,25.012,20.954
DCA,2024,20,8110,25.067,22.835
DCA,2024,21,1129,19.448,17.178
DCA,2024,22,7381,20.812,20.277
DEN,2023,0,1715,20.71,16.124
DEN,2023,1,155,18.434,13.566
DEN,2023,5,8083,6.756,16.367
DEN,2023,6,12136,6.458,17.859
DEN,2023,7,12227,8.612,17.507
DEN,2023,8,16046,10.179,17.106
DEN,2023,9,18781,11.452,18.426
DEN,2023,10,18807,11.841,19.473
DEN,2023,11,28510,13.597,18.198
DEN,2023,12,11090,15.494,15.223
DEN,2023,13,22325,14.871,16.776
DEN,2023,14,10567,18.321,15.463
DEN,2023,15,16442,19.403,16.788
DEN,2023,16,14578,22.683,16.784
DEN,2023,17,27558,25.187,21.562
DEN,2023,18,11533,28.65,17.961
DEN,2023,19,21964,27.666,18.548
DEN,2023,20,15943,24.863,17.137
DEN,2023,21,10120,24.436,15.78
DEN,2023,22,6964,28.258,14.417
DEN,2023,23,3441,28.23,16.386
DEN,2024,0,1619,26.444,15.61
DEN,2024,1,17,37.824,20.706
DEN,2024,5,6128,6.617,16.391
DEN,2024,6,12704,6.63,18.48
DEN,2024,7,13567,7.077,18.533
DEN,2024,8,17102,8.722,18.124
DEN,2024,9,23276,9.82,19.661
DEN,2024,10,18087,11.688,20.106
DEN,2024,11,30280,12.531,18.934
DEN,2024,12,12647,15.684,15.948
DEN,2024,13,25789,14.22,17.63
DEN,2024,14,11264,19.378,15.44
DEN,2024,15,17286,17.114,16.986
DEN,2024,16,14907,20.643,16.669
DEN,2024,17,28613,19.496,21.347
DEN,2024,18,12160,24.307,18.945
DEN,2024,19,26980,21.703,18.972
DEN,2024,20,17228,21.687,18.1
DEN,2024,21,10462,23.917,17.79
DEN,2024,22,4245,20.52,15.517
DEN,2024,23,4284,20.723,16.855
DFW,2023,0,91,35.011,16.495
DFW,2023,1,1,0.0,16.0
DFW,2023,5,3788,9.941,15.703
DFW,2023,6,4708,10.939,17.205
DFW,2023,7,13095,9.304,19.482
DFW,2023,8,27084,8.437,22.672
DFW,2023,9,9229,12.253,20.278
DFW,2023,10,26984,11.165,21.48
DFW,2023,11,11956,14.51,18.739
DFW,2023,12,23477,13.762,19.509
DFW,2023,13,13136,16.834,17.724
DFW,2023,14,18443,16.908,17.506
DFW,2023,15,11229,21.389,17.372
DFW,2023,16,19797,19.982,18.878
DFW,2023,17,15811,23.604,18.603
DFW,2023,18,18860,23.813,19.607
DFW,2023,19,21011,26.918,21.495
DFW,2023,20,16203,31.501,19.073
DFW,2023,21,15449,24.534,21.159
DFW,2023,22,14393,27.232,18.716
DFW,2023,23,499,46.145,18.493
DFW,2024,0,12,39.083,20.917
DFW,2024,5,4292,10.971,17.121
DFW,2024,6,5324,11.494,17.909
DFW,2024,7,19558,10.591,19.896
DFW,2024,8,31483,11.403,23.284
DFW,2024,9,7619,16.728,19.785
DFW,2024,10,28915,15.719,22.218
DFW,2024,11,12212,19.777,18.423
DFW,2024,12,25345,18.051,19.889
DFW,2024,13,12823,22.629,17.282
DFW,2024,14,21228,21.15,18.025
DFW,2024,15,14806,24.205,18.303
DFW,2024,16,20874,24.122,18.911
DFW,2024,17,16830,26.68,18.728
DFW,2024,18,18483,28.894,18.971
DFW,2024,19,25846,30.185,21.379
DFW,2024,20,17143,29.747,19.052
DFW,2024,21,16902,28.198,20.778
DFW,2024,22,13368,28.438,18.448
DFW,2024,23,519,48.897,17.834
DTW,2023,5,2051,9.759,17.337
DTW,2023,6,4119,8.038,17.859
DTW,2023,7,8624,8.394,18.508
DTW,2023,8,15132,8.357,18.069
DTW,2023,9,3315,10.153,16.321
DTW,2023,10,11947,10.757,17.721
DTW,2023,11,2740,11.161,14.503
DTW,2023,12,11701,10.898,15.686
DTW,2023,13,3731,10.259,14.828
DTW,2023,14,7582,12.336,16.379
DTW,2023,15,7754,14.163,16.455
DTW,2023,16,9954,15.979,15.947
DTW,2023,17,4273,19.73,15.678
DTW,2023,18,4892,19.652,16.575
DTW,2023,19,5098,19.953,15.793
DTW,2023,20,8297,17.432,15.775
DTW,2023,21,11551,14.204,17.461
DTW,2023,22,2278,21.971,15.393
DTW,2023,23,1033,25.176,14.747
DTW,2024,5,2022,7.782,17.382
DTW,2024,6,4293,8.985,17.436
DTW,2024,7,8521,8.302,18.946
DTW,2024,8,15417,8.709,19.442
DTW,2024,9,2639,11.717,17.05
DTW,2024,10,14324,12.542,18.856
DTW,2024,11,2527,12.582,15.57
DTW,2024,12,11854,12.037,16.503
DTW,2024,13,3653,14.635,15.092
DTW,2024,14,4843,15.07,16.619
DTW,2024,15,8733,15.056,16.973
DTW,2024,16,13843,16.39,17.882
DTW,2024,17,5004,24.681,16.699
DTW,2024,18,5559,21.834,16.683
DTW,2024,19,3788,20.389,16.705
DTW,2024,20,8180,18.748,16.982
DTW,2024,21,14316,18.475,18.329
DTW,2024,22,1687,25.427,15.168
DTW,2024,23,164,40.237,14.431
EWR,2023,5,1889,11.862,18.327
EWR,2023,6,10511,8.706,20.331
EWR,2023,7,10635,9.122,22.551
EWR,2023,8,7948,11.747,26.658
EWR,2023,9,9136,10.924,25.62
EWR,2023,10,8731,11.859,23.877
EWR,2023,11,7680,12.476,20.428
EWR,2023,12,4607,15.043,18.575
EWR,2023,13,7259,16.884,20.125
EWR,2023,14,7937,20.322,21.983
EWR,2023,15,9248,21.504,23.777
EWR,2023,16,8668,22.246,23.593
EWR,2023,17,8177,24.552,25.918
EWR,2023,18,9485,24.968,27.76
EWR,2023,19,8968,29.236,27.328
EWR,2023,20,8786,27.899,26.968
EWR,2023,21,7090,27.578,24.206
EWR,2023,22,1807,35.732,20.453
EWR,2023,23,16,21.75,19.062
EWR,2024,5,2171,11.396,17.633
EWR,2024,6,9739,7.907,20.221
EWR,2024,7,10782,8.721,22.435
EWR,2024,8,7968,10.582,26.012
EWR,2024,9,8857,10.782,25.818
EWR,2024,10,7472,11.901,23.464
EWR,2024,11,6230,12.344,20.837
EWR,2024,12,5460,14.73,18.873
EWR,2024,13,6140,15.045,19.315
EWR,2024,14,7970,18.647,21.608
EWR,2024,15,7474,19.623,23.107
EWR,2024,16,8649,21.219,24.082
EWR,2024,17,8434,25.353,27.167
EWR,2024,18,8160,26.309,29.829
EWR,2024,19,8652,28.97,30.627
EWR,2024,20,7362,28.428,29.712
EWR,2024,21,6334,25.965,26.008
EWR,2024,22,1076,33.957,20.147
EWR,2024,23,49,24.978,15.5
FLL,2023,5,1842,8.953,14.959
FLL,2023,6,5978,8.69,15.274
FLL,2023,7,8565,9.728,16.098
FLL,2023,8,5327,10.914,16.209
FLL,2023,9,4293,16.467,16.976
FLL,2023,10,3635,15.685,17.387
FLL,2023,11,4996,16.221,18.224
FLL,2023,12,4419,22.502,18.737
FLL,2023,13,4627,23.652,18.569
FLL,2023,14,4615,30.368,18.878
FLL,2023,15,5679,30.437,20.138
FLL,2023,16,4626,31.64,19.929
FLL,2023,17,5203,35.654,19.656
FLL,2023,18,7091,33.322,19.943
FLL,2023,19,7275,36.186,18.85
FLL,2023,20,6656,41.952,16.878
FLL,2023,21,3631,40.24,15.993
FLL,2023,22,1150,42.004,15.675
FLL,2023,23,227,31.934,14.805
FLL,2024,5,1197,6.726,14.204
FLL,2024,6,7271,5.777,14.955
FLL,2024,7,9040,8.05,16.671
FLL,2024,8,6301,9.765,16.405
FLL,2024,9,3878,11.554,17.701
FLL,2024,10,4328,12.971,18.287
FLL,2024,11,4664,15.12,18.958
FLL,2024,12,4494,19.232,18.985
FLL,2024,13,4798,22.919,18.571
FLL,2024,14,4944,24.071,18.337
FLL,2024,15,5326,25.773,18.465
FLL,2024,16,5321,27.694,18.863
FLL,2024,17,4958,28.399,18.725
FLL,2024,18,6695,28.312,18.715
FLL,2024,19,6544,30.169,17.963
FLL,2024,20,7155,26.572,17.12
FLL,2024,21,3459,34.952,15.732
FLL,2024,22,1256,32.029,15.21
FLL,2024,23,261,22.427,15.569
IAH,2023,0,2,9.0,14.5
IAH,2023,5,2975,7.148,14.844
IAH,2023,6,4358,11.386,14.56
IAH,2023,7,9646,8.216,18.022
IAH,2023,8,2954,11.58,17.461
IAH,2023,9,10154,12.953,20.925
IAH,2023,10,5255,13.708,21.627
IAH,2023,11,5164,15.805,17.181
IAH,2023,12,10244,15.452,18.966
IAH,2023,13,2327,22.931,15.181
IAH,2023,14,9841,18.593,19.55
IAH,2023,15,2229,22.2,16.006
IAH,2023,16,7787,20.006,19.847
IAH,2023,17,2597,23.97,17.43
IAH,2023,18,14894,23.309,21.004
IAH,2023,19,7582,26.541,18.93
IAH,2023,20,10011,24.471,21.25
IAH,2023,21,3139,23.787,16.334
IAH,2023,22,635,21.939,15.629
IAH,2023,23,98,21.041,15.99
IAH,2024,0,6,9.833,20.0
IAH,2024,5,3328,9.506,14.989
IAH,2024,6,4679,10.191,15.262
IAH,2024,7,10250,9.769,20.066
IAH,2024,8,3294,13.212,18.273
IAH,2024,9,9172,14.59,21.269
IAH,2024,10,4973,17.671,21.821
IAH,2024,11,4682,18.87,18.327
IAH,2024,12,11689,18.572,21.361
IAH,2024,13,2589,25.775,16.801
IAH,2024,14,10398,23.002,19.878
IAH,2024,15,2463,27.184,17.097
IAH,2024,16,8473,22.511,19.964
IAH,2024,17,3227,27.634,17.517
IAH,2024,18,14859,26.446,21.181
IAH,2024,19,5608,29.915,19.281
IAH,2024,20,11112,25.82,20.932
IAH,2024,21,3308,26.345,16.757
IAH,2024,22,1613,21.846,16.527
IAH,2024,23,217,21.531,16.122
JFK,2023,5,873,9.618,18.13
JFK,2023,6,6705,7.894,20.192
JFK,2023,7,9151,9.367,23.982
JFK,2023,8,10717,11.468,26.39
JFK,2023,9,11114,13.144,24.49
JFK,2023,10,5428,15.145,22.292
JFK,2023,11,7582,11.69,22.413
JFK,2023,12,6356,14.423,22.624
JFK,2023,13,6854,18.844,24.425
JFK,2023,14,8271,18.704,26.922
JFK,2023,15,9896,20.839,26.899
JFK,2023,16,7668,19.867,27.612
JFK,2023,17,8591,25.888,28.081
JFK,2023,18,6768,25.98,30.427
JFK,2023,19,8503,28.924,31.768
JFK,2023,20,7107,31.204,30.392
JFK,2023,21,6801,29.089,29.411
JFK,2023,22,4425,27.262,28.516
JFK,2023,23,238,34.16,21.231
JFK,2024,5,914,9.469,19.202
JFK,2024,6,6721,7.95,20.566
JFK,2024,7,9313,8.656,24.113
JFK,2024,8,11093,10.727,26.647
JFK,2024,9,9709,10.376,26.449
JFK,2024,10,4201,12.1,22.238
JFK,2024,11,7617,12.173,22.649
JFK,2024,12,6110,13.012,21.491
JFK,2024,13,6151,16.84,24.342
JFK,2024,14,7590,18.354,26.149
JFK,2024,15,9180,17.8,26.713
JFK,2024,16,7318,16.452,28.436
JFK,2024,17,7680,21.791,28.908
JFK,2024,18,6616,24.608,30.46
JFK,2024,19,7312,25.37,32.468
JFK,2024,20,6275,24.539,29.672
JFK,2024,21,5935,22.978,28.729
JFK,2024,22,3325,23.361,27.585
JFK,2024,23,288,12.894,25.128
LAS,2023,0,2349,17.685,14.532
LAS,2023,1,659,28.243,12.997
LAS,2023,2,6,22.333,15.167
LAS,2023,5,6231,4.78,13.166
LAS,2023,6,13244,5.809,17.242
LAS,2023,7,11168,8.531,17.044
LAS,2023,8,11150,10.891,17.029
LAS,2023,9,12779,10.199,18.459
LAS,2023,10,10989,11.305,20.423
LAS,2023,11,11675,15.114,20.942
LAS,2023,12,10375,17.662,21.663
LAS,2023,13,11763,20.697,22.706
LAS,2023,14,9480,22.653,21.693
LAS,2023,15,10718,25.477,20.426
LAS,2023,16,11254,24.663,20.195
LAS,2023,17,10215,24.712,18.714
LAS,2023,18,9451,25.801,17.126
LAS,2023,19,8261,24.207,16.882
LAS,2023,20,7131,22.946,15.17
LAS,2023,21,8123,23.221,15.035
LAS,2023,22,6851,23.477,15.265
LAS,2023,23,7005,20.893,15.759
LAS,2024,0,2866,16.305,14.43
LAS,2024,1,687,13.006,13.707
LAS,2024,5,4809,3.783,13.161
LAS,2024,6,13791,5.263,17.291
LAS,2024,7,11809,8.733,17.486
LAS,2024,8,12015,10.306,17.291
LAS,2024,9,13564,9.637,18.128
LAS,2024,10,11673,11.858,19.812
LAS,2024,11,11106,13.662,20.191
LAS,2024,12,10783,16.13,19.868
LAS,2024,13,11282,17.775,19.649
LAS,2024,14,9532,20.858,19.265
LAS,2024,15,10094,20.37,19.657
LAS,2024,16,10380,21.641,18.805
LAS,2024,17,11103,23.175,18.139
LAS,2024,18,9568,23.835,17.161
LAS,2024,19,8672,22.075,16.81
LAS,2024,20,7290,21.221,16.332
LAS,2024,21,5803,21.741,15.337
LAS,2024,22,5376,16.711,16.032
LAS,2024,23,7049,17.871,16.024
LAX,2023,0,1393,17.97,17.019
LAX,2023,1,421,23.639,15.518
LAX,2023,5,4867,3.805,16.652
LAX,2023,6,9803,7.3,17.719
LAX,2023,7,12066,7.844,17.342
LAX,2023,8,19233,9.554,20.484
LAX,2023,9,14138,12.659,18.64
LAX,2023,10,13821,13.216,18.881
LAX,2023,11,10433,15.353,17.53
LAX,2023,12,9551,14.829,17.233
LAX,2023,13,11219,14.903,17.501
LAX,2023,14,9017,15.74,16.152
LAX,2023,15,8396,15.432,15.765
LAX,2023,16,9904,16.774,16.458
LAX,2023,17,9844,15.963,16.602
LAX,2023,18,10457,18.677,16.445
LAX,2023,19,10218,16.099,17.555
LAX,2023,20,5493,20.113,15.613
LAX,2023,21,7848,17.653,16.068
LAX,2023,22,8820,18.511,17.845
LAX,2023,23,7411,19.821,18.977
LAX,2024,0,1702,15.038,16.96
LAX,2024,1,335,31.697,14.57
LAX,2024,5,4041,3.937,15.453
LAX,2024,6,10742,5.792,17.859
LAX,2024,7,11558,8.525,18.159
LAX,2024,8,18527,10.113,21.631
LAX,2024,9,16040,12.927,19.783
LAX,2024,10,12856,12.989,19.837
LAX,2024,11,10436,14.581,18.042
LAX,2024,12,9523,15.263,17.954
LAX,2024,13,11809,16.154,18.579
LAX,2024,14,9349,15.728,17.701
LAX,2024,15,8987,15.178,16.401
LAX,2024,16,9289,16.409,18.446
LAX,2024,17,9269,16.572,17.775
LAX,2024,18,9393,16.555,17.215
LAX,2024,19,10570,16.316,19.108
LAX,2024,20,5445,16.468,18.222
LAX,2024,21,8465,15.188,18.982
LAX,2024,22,8487,15.264,18.542
LAX,2024,23,7230,14.357,19.759
LGA,2023,5,508,5.38,17.996
LGA,2023,6,11748,6.714,19.87
LGA,2023,7,10199,8.276,22.752
LGA,2023,8,10478,7.718,22.3
LGA,2023,9,11379,9.605,24.097
LGA,2023,10,9626,10.019,23.575
LGA,2023,11,10786,11.5,23.383
LGA,2023,12,10385,12.728,22.659
LGA,2023,13,10166,14.907,22.31
LGA,2023,14,10467,17.293,24.013
LGA,2023,15,10138,16.932,25.375
LGA,2023,16,10255,18.858,24.447
LGA,2023,17,10966,22.275,24.953
LGA,2023,18,9818,20.755,24.998
LGA,2023,19,10177,22.275,25.893
LGA,2023,20,8652,21.098,26.814
LGA,2023,21,6900,18.488,21.581
LGA,2023,22,1051,30.52,17.385
LGA,2023,23,27,40.333,17.75
LGA,2024,5,503,7.901,16.885
LGA,2024,6,11389,5.944,19.247
LGA,2024,7,10256,7.527,22.515
LGA,2024,8,11116,9.864,22.726
LGA,2024,9,12028,10.483,24.422
LGA,2024,10,9668,11.455,22.705
LGA,2024,11,9863,11.516,22.42
LGA,2024,12,10390,12.724,21.207
LGA,2024,13,9474,14.295,22.09
LGA,2024,14,10423,15.574,23.968
LGA,2024,15,10590,16.787,26.108
LGA,2024,16,9536,19.7,25.13
LGA,2024,17,10427,20.025,25.411
LGA,2024,18,10178,21.501,24.706
LGA,2024,19,10077,23.439,25.359
LGA,2024,20,9064,22.067,26.619
LGA,2024,21,6242,18.852,21.748
LGA,2024,22,1147,34.51,17.659
LGA,2024,23,61,35.567,14.617
MCO,2023,0,3,43.667,15.333
MCO,2023,5,3282,7.738,15.3
MCO,2023,6,11813,6.802,17.36
MCO,2023,7,13025,7.999,19.603
MCO,2023,8,8916,10.058,17.851
MCO,2023,9,12165,12.508,18.023
MCO,2023,10,9523,15.628,18.676
MCO,2023,11,10261,17.508,19.928
MCO,2023,12,8840,17.604,19.741
MCO,2023,13,7578,22.4,18.73
MCO,2023,14,9309,23.81,20.032
MCO,2023,15,8181,25.392,19.596
MCO,2023,16,9350,29.713,20.072
MCO,2023,17,9989,31.175,20.286
MCO,2023,18,9351,33.429,20.131
MCO,2023,19,10176,34.164,19.242
MCO,2023,20,9310,37.92,18.527
MCO,2023,21,6726,37.322,16.956
MCO,2023,22,5198,37.075,15.37
MCO,2023,23,1373,33.412,15.879
MCO,2024,0,2,8.0,15.0
MCO,2024,5,4395,6.539,15.418
MCO,2024,6,11421,5.086,16.946
MCO,2024,7,12583,7.003,18.355
MCO,2024,8,9972,8.241,17.592
MCO,2024,9,10760,10.882,17.482
MCO,2024,10,9584,11.26,19.0
MCO,2024,11,9713,15.656,19.024
MCO,2024,12,7472,17.147,18.447
MCO,2024,13,8034,20.121,18.3
MCO,2024,14,8581,21.341,19.592
MCO,2024,15,9027,22.669,19.366
MCO,2024,16,9270,27.264,20.587
MCO,2024,17,10090,28.295,20.102
MCO,2024,18,10001,29.556,19.695
MCO,2024,19,10136,30.33,18.191
MCO,2024,20,9087,28.568,17.737
MCO,2024,21,5027,30.552,16.455
MCO,2024,22,2973,30.214,15.179
MCO,2024,23,1425,22.171,15.141
MDW,2023,5,4346,3.126,12.69
MDW,2023,6,4302,4.841,14.32
MDW,2023,7,3710,8.433,14.073
MDW,2023,8,7540,8.236,15.149
MDW,2023,9,5958,8.999,14.081
MDW,2023,10,3888,11.933,14.079
MDW,2023,11,3519,11.321,13.179
MDW,2023,12,5244,11.418,13.529
MDW,2023,13,5045,14.954,13.434
MDW,2023,14,4887,17.485,13.379
MDW,2023,15,4102,19.632,13.421
MDW,2023,16,3619,19.926,12.913
MDW,2023,17,3966,20.849,13.905
MDW,2023,18,4916,20.141,13.435
MDW,2023,19,5531,21.915,13.536
MDW,2023,20,4743,24.296,13.836
MDW,2023,21,6215,23.381,14.509
MDW,2023,22,3503,32.343,13.189
MDW,2023,23,62,58.885,14.311
MDW,2024,5,2484,3.42,12.587
MDW,2024,6,3924,4.182,13.967
MDW,2024,7,3397,6.739,13.745
MDW,2024,8,6293,7.466,15.105
MDW,2024,9,7648,9.523,14.702
MDW,2024,10,3955,10.25,13.605
MDW,2024,11,3986,12.254,12.58
MDW,2024,12,4348,11.085,13.036
MDW,2024,13,5388,11.794,12.934
MDW,2024,14,4640,16.796,12.873
MDW,2024,15,4267,18.339,13.048
MDW,2024,16,3634,18.132,13.372
MDW,2024,17,4978,19.821,14.261
MDW,2024,18,4373,20.363,14.952
MDW,2024,19,4954,22.216,14.297
MDW,2024,20,5677,21.832,14.422
MDW,2024,21,3110,30.683,14.149
MDW,2024,22,2574,27.412,13.667
MDW,2024,23,3,27.667,16.667
MIA,2023,5,1361,7.89,15.234
MIA,2023,6,4883,8.529,17.513
MIA,2023,7,5749,10.849,17.597
MIA,2023,8,8088,8.874,20.568
MIA,2023,9,4194,11.934,18.949
MIA,2023,10,4631,13.539,22.839
MIA,2023,11,3748,15.376,20.961
MIA,2023,12,4537,16.444,21.002
MIA,2023,13,5735,17.037,19.734
MIA,2023,14,5016,21.518,20.098
MIA,2023,15,6777,24.877,20.863
MIA,2023,16,4987,22.782,21.391
MIA,2023,17,6421,26.005,22.759
MIA,2023,18,4505,24.953,21.897
MIA,2023,19,9761,30.581,23.921
MIA,2023,20,6343,34.171,23.472
MIA,2023,21,11979,30.643,22.993
MIA,2023,22,3689,24.852,18.686
MIA,2023,23,131,34.915,18.426
MIA,2024,0,66,38.871,19.387
MIA,2024,5,1559,9.968,15.89
MIA,2024,6,4556,7.595,17.93
MIA,2024,7,5214,10.143,17.23
MIA,2024,8,9736,11.557,20.022
MIA,2024,9,5020,14.607,19.182
MIA,2024,10,3918,15.102,24.134
MIA,2024,11,3945,16.21,22.661
MIA,2024,12,4457,19.156,22.364
MIA,2024,13,6263,22.483,18.859
MIA,2024,14,6515,24.462,19.294
MIA,2024,15,6016,25.312,19.709
MIA,2024,16,6171,25.758,20.521
MIA,2024,17,7480,25.982,22.743
MIA,2024,18,6943,29.749,22.425
MIA,2024,19,9612,30.519,22.757
MIA,2024,20,4882,28.769,22.617
MIA,2024,21,12454,27.584,22.604
MIA,2024,22,4957,25.304,18.371
MIA,2024,23,180,17.436,18.483
MSP,2023,5,2036,7.983,17.087
MSP,2023,6,3961,9.652,19.044
MSP,2023,7,10632,7.76,21.178
MSP,2023,8,6499,6.724,17.89
MSP,2023,9,6440,7.325,18.269
MSP,2023,10,9948,8.314,16.311
MSP,2023,11,8331,8.621,16.156
MSP,2023,12,7424,9.36,16.268
MSP,2023,13,6054,10.919,16.045
MSP,2023,14,6835,10.608,16.196
MSP,2023,15,10709,12.296,16.447
MSP,2023,16,4516,13.969,16.687
MSP,2023,17,1991,19.584,16.594
MSP,2023,18,10799,13.877,17.77
MSP,2023,19,6672,14.177,18.512
MSP,2023,20,7202,13.286,18.153
MSP,2023,21,8398,15.63,17.116
MSP,2023,22,2951,18.812,15.429
MSP,2023,23,621,20.304,13.946
MSP,2024,5,2173,6.843,17.921
MSP,2024,6,4037,7.001,17.546
MSP,2024,7,9917,6.404,21.566
MSP,2024,8,7500,7.294,19.586
MSP,2024,9,7759,7.667,20.54
MSP,2024,10,12009,9.569,18.025
MSP,2024,11,5983,9.818,17.124
MSP,2024,12,8246,11.243,17.505
MSP,2024,13,7220,11.928,18.011
MSP,2024,14,7769,15.607,17.739
MSP,2024,15,10485,15.504,18.8
MSP,2024,16,4065,18.32,18.014
MSP,2024,17,2633,23.383,18.178
MSP,2024,18,10896,18.872,18.403
MSP,2024,19,7749,18.022,19.843
MSP,2024,20,8101,17.587,19.559
MSP,2024,21,7626,18.738,17.096
MSP,2024,22,2528,21.585,16.4
MSP,2024,23,83,29.312,14.213
ORD,2023,0,98,29.01,19.082
ORD,2023,5,2881,11.799,15.826
ORD,2023,6,7030,10.413,16.919
ORD,2023,7,19791,8.65,21.493
ORD,2023,8,24554,10.562,24.157
ORD,2023,9,21760,11.741,25.389
ORD,2023,10,18268,12.103,21.237
ORD,2023,11,7672,14.128,19.144
ORD,2023,12,12057,14.29,20.464
ORD,2023,13,20616,13.491,21.509
ORD,2023,14,18187,15.0,22.694
ORD,2023,15,13214,17.089,20.476
ORD,2023,16,10892,18.882,20.055
ORD,2023,17,12218,20.032,20.766
ORD,2023,18,22876,18.464,27.599
ORD,2023,19,20160,20.643,23.03
ORD,2023,20,18597,22.316,23.476
ORD,2023,21,7205,20.986,21.06
ORD,2023,22,554,25.676,15.439
ORD,2023,23,237,20.244,15.919
ORD,2024,0,124,15.366,19.089
ORD,2024,5,3080,8.526,16.056
ORD,2024,6,7764,9.761,17.357
ORD,2024,7,19809,9.077,21.604
ORD,2024,8,26087,11.064,24.008
ORD,2024,9,21294,12.302,25.742
ORD,2024,10,22191,14.623,22.327
ORD,2024,11,10810,17.352,20.807
ORD,2024,12,12197,14.474,20.134
ORD,2024,13,19496,14.774,21.867
ORD,2024,14,20258,15.816,24.594
ORD,2024,15,13824,18.466,21.418
ORD,2024,16,11912,21.454,21.909
ORD,2024,17,12924,23.074,22.804
ORD,2024,18,28517,23.916,30.061
ORD,2024,19,18065,26.798,26.16
ORD,2024,20,21593,30.05,26.441
ORD,2024,21,9533,25.488,23.202
ORD,2024,22,448,35.905,17.736
ORD,2024,23,126,22.702,18.0
PHL,2023,5,2795,9.531,15.608
PHL,2023,6,6953,9.09,17.214
PHL,2023,7,3223,10.766,16.391
PHL,2023,8,9717,8.89,22.001
PHL,2023,9,3867,10.809,20.696
PHL,2023,10,8933,12.149,21.087
PHL,2023,11,3800,14.365,17.627
PHL,2023,12,2944,15.415,15.652
PHL,2023,13,6821,15.409,18.11
PHL,2023,14,2882,15.467,18.467
PHL,2023,15,7412,18.084,19.237
PHL,2023,16,2465,22.312,18.846
PHL,2023,17,4283,21.556,18.668
PHL,2023,18,11227,21.373,22.772
PHL,2023,19,5685,27.366,23.744
PHL,2023,20,4661,24.141,17.925
PHL,2023,21,2128,24.476,18.572
PHL,2023,22,257,37.996,16.562
PHL,2023,23,18,55.0,16.833
PHL,2024,1,2,,
PHL,2024,5,3007,8.51,16.069
PHL,2024,6,6590,9.266,17.59
PHL,2024,7,3732,10.635,17.114
PHL,2024,8,10400,10.851,22.622
PHL,2024,9,3952,15.316,21.829
PHL,2024,10,9418,11.912,22.577
PHL,2024,11,5227,16.952,20.502
PHL,2024,12,3435,16.887,16.03
PHL,2024,13,6609,17.851,18.284
PHL,2024,14,4061,16.411,18.909
PHL,2024,15,8217,20.138,19.904
PHL,2024,16,3811,21.281,20.405
PHL,2024,17,4219,22.065,19.474
PHL,2024,18,10669,25.977,24.419
PHL,2024,19,7922,28.591,28.652
PHL,2024,20,4308,32.114,20.899
PHL,2024,21,4197,26.553,21.252
PHL,2024,22,611,34.015,17.275
PHL,2024,23,248,36.512,17.943
PHX,2023,0,1149,16.222,13.638
PHX,2023,1,51,16.824,15.412
PHX,2023,2,1,0.0,13.0
PHX,2023,5,5155,4.272,12.076
PHX,2023,6,8415,4.825,14.447
PHX,2023,7,7405,7.465,14.216
PHX,2023,8,15279,7.377,18.966
PHX,2023,9,13151,8.74,18.347
PHX,2023,10,11750,10.663,17.941
PHX,2023,11,9634,10.414,16.977
PHX,2023,12,8923,12.544,14.331
PHX,2023,13,10775,13.334,14.622
PHX,2023,14,9079,15.782,14.032
PHX,2023,15,11461,17.141,13.72
PHX,2023,16,11070,17.607,14.194
PHX,2023,17,8577,18.15,13.1
PHX,2023,18,9734,18.545,13.329
PHX,2023,19,9277,18.1,13.517
PHX,2023,20,9917,21.822,14.678
PHX,2023,21,7033,19.75,14.777
PHX,2023,22,4411,23.215,12.316
PHX,2023,23,4444,17.146,14.85
PHX,2024,0,995,11.563,13.268
PHX,2024,1,92,27.348,12.0
PHX,2024,5,4041,4.373,12.937
PHX,2024,6,8887,5.161,14.696
PHX,2024,7,11445,5.791,16.631
PHX,2024,8,15782,7.997,18.427
PHX,2024,9,12751,8.601,19.126
PHX,2024,10,13815,10.72,19.3
PHX,2024,11,11224,11.521,17.154
PHX,2024,12,10760,13.832,15.424
PHX,2024,13,11662,13.581,15.086
PHX,2024,14,10084,15.082,14.25
PHX,2024,15,12523,18.154,14.86
PHX,2024,16,12810,18.395,14.641
PHX,2024,17,10910,17.695,14.026
PHX,2024,18,10013,19.304,13.802
PHX,2024,19,9989,20.49,14.642
PHX,2024,20,10524,19.753,15.431
PHX,2024,21,6518,18.459,14.734
PHX,2024,22,4363,18.889,13.813
PHX,2024,23,4363,16.801,14.77
SAN,2023,6,8338,7.133,22.999
SAN,2023,7,6723,7.181,19.359
SAN,2023,8,6337,9.456,20.226
SAN,2023,9,5542,11.161,19.78
SAN,2023,10,6190,10.854,20.013
SAN,2023,11,5259,12.077,19.396
SAN,2023,12,6220,14.608,19.526
SAN,2023,13,6810,15.325,19.652
SAN,2023,14,5207,14.399,18.121
SAN,2023,15,4929,14.967,16.352
SAN,2023,16,4253,18.308,15.88
SAN,2023,17,3712,14.73,16.629
SAN,2023,18,4876,16.409,17.291
SAN,2023,19,4916,16.018,18.272
SAN,2023,20,3897,18.385,17.526
SAN,2023,21,3972,19.796,17.995
SAN,2023,22,3773,16.463,18.984
SAN,2023,23,1,0.0,32.0
SAN,2024,6,7814,6.195,23.523
SAN,2024,7,6790,8.608,21.98
SAN,2024,8,7544,12.371,23.648
SAN,2024,9,5970,14.929,22.549
SAN,2024,10,7453,13.469,23.786
SAN,2024,11,6449,16.234,24.523
SAN,2024,12,6092,18.108,21.633
SAN,2024,13,6097,18.52,20.29
SAN,2024,14,5275,18.262,18.833
SAN,2024,15,4301,17.591,17.636
SAN,2024,16,5119,18.258,18.842
SAN,2024,17,4283,18.486,18.883
SAN,2024,18,4302,19.908,19.838
SAN,2024,19,4453,22.555,20.818
SAN,2024,20,5487,19.696,21.532
SAN,2024,21,3535,19.197,20.246
SAN,2024,22,3672,19.158,20.518
SAN,2024,23,9,99.889,14.444
SEA,2023,0,759,20.074,14.942
SEA,2023,1,60,40.15,14.0
SEA,2023,5,3555,9.186,16.164
SEA,2023,6,9003,6.798,19.773
SEA,2023,7,14458,9.152,23.514
SEA,2023,8,9191,10.848,23.98
SEA,2023,9,12040,9.082,20.846
SEA,2023,10,8012,10.013,22.357
SEA,2023,11,13881,10.551,22.312
SEA,2023,12,8822,11.672,22.005
SEA,2023,13,9104,12.925,19.624
SEA,2023,14,5357,11.972,19.234
SEA,2023,15,11801,11.648,18.592
SEA,2023,16,4231,11.835,18.603
SEA,2023,17,10322,11.599,19.226
SEA,2023,18,6737,13.572,19.307
SEA,2023,19,9079,10.681,19.433
SEA,2023,20,4571,12.739,19.398
SEA,2023,21,9833,13.026,21.174
SEA,2023,22,6264,14.41,19.762
SEA,2023,23,6732,13.971,18.631
SEA,2024,0,593,14.998,14.803
SEA,2024,1,163,20.847,14.796
SEA,2024,5,3100,10.03,16.069
SEA,2024,6,8468,6.612,19.358
SEA,2024,7,14721,8.672,24.893
SEA,2024,8,9066,9.426,22.907
SEA,2024,9,12038,10.391,22.355
SEA,2024,10,10150,13.32,22.292
SEA,2024,11,13265,12.82,23.451
SEA,2024,12,7666,12.882,22.195
SEA,2024,13,9543,13.448,20.939
SEA,2024,14,5193,13.025,19.573
SEA,2024,15,11081,13.037,18.787
SEA,2024,16,4987,13.449,19.231
SEA,2024,17,11012,14.051,20.318
SEA,2024,18,6923,14.538,20.892
SEA,2024,19,10726,13.51,20.714
SEA,2024,20,3669,18.046,19.468
SEA,2024,21,9120,15.516,21.786
SEA,2024,22,6020,16.144,19.885
SEA,2024,23,6220,13.685,18.643
SFO,2023,0,722,20.335,16.133
SFO,2023,5,2754,4.659,14.92
SFO,2023,6,7670,6.096,17.916
SFO,2023,7,5366,8.368,17.897
SFO,2023,8,12688,9.672,21.514
SFO,2023,9,7554,11.865,22.591
SFO,2023,10,11193,18.846,21.372
SFO,2023,11,10025,15.83,24.517
SFO,2023,12,6441,16.682,18.926
SFO,2023,13,10016,17.309,20.397
SFO,2023,14,5034,15.693,17.884
SFO,2023,15,3220,16.909,16.81
SFO,2023,16,11753,15.08,20.291
SFO,2023,17,2951,17.08,17.56
SFO,2023,18,8418,14.457,18.007
SFO,2023,19,5342,16.551,18.235
SFO,2023,20,4289,18.241,16.522
SFO,2023,21,3139,14.819,18.5
SFO,2023,22,9581,16.977,21.43
SFO,2023,23,7549,19.301,22.006
SFO,2024,0,1205,19.075,16.441
SFO,2024,1,19,20.556,16.611
SFO,2024,5,2999,4.591,14.615
SFO,2024,6,6608,7.157,17.611
SFO,2024,7,6844,9.179,18.124
SFO,2024,8,12510,9.972,22.381
SFO,2024,9,8092,15.411,21.936
SFO,2024,10,11299,17.474,20.7
SFO,2024,11,9253,17.477,22.625
SFO,2024,12,6205,22.615,18.495
SFO,2024,13,10631,22.512,20.783
SFO,2024,14,5339,22.944,18.505
SFO,2024,15,3046,23.272,17.213
SFO,2024,16,10937,20.142,19.963
SFO,2024,17,4170,22.708,18.661
SFO,2024,18,8144,18.371,19.657
SFO,2024,19,5731,20.888,19.365
SFO,2024,20,3990,24.452,18.042
SFO,2024,21,3960,22.798,18.871
SFO,2024,22,8287,17.604,21.804
SFO,2024,23,5709,17.871,22.23
SLC,2023,0,194,15.719,17.0
SLC,2023,5,1680,8.223,20.082
SLC,2023,6,2911,7.881,20.296
SLC,2023,7,3366,9.107,23.504
SLC,2023,8,8373,8.786,21.659
SLC,2023,9,7350,7.67,18.939
SLC,2023,10,4833,8.034,18.306
SLC,2023,11,14669,9.57,18.187
SLC,2023,12,2742,13.827,16.405
SLC,2023,13,5110,14.232,16.641
SLC,2023,14,5164,17.869,17.18
SLC,2023,15,9796,12.325,17.806
SLC,2023,16,4482,14.823,17.385
SLC,2023,17,10241,15.706,16.683
SLC,2023,18,2665,17.69,15.842
SLC,2023,19,1076,18.235,16.768
SLC,2023,20,4501,13.335,17.566
SLC,2023,21,7474,9.502,18.466
SLC,2023,22,5958,15.935,18.613
SLC,2023,23,6692,15.258,18.626
SLC,2024,0,258,17.312,18.906
SLC,2024,1,13,6.462,14.846
SLC,2024,5,1353,8.671,19.073
SLC,2024,6,3325,6.127,18.924
SLC,2024,7,3178,9.687,22.839
SLC,2024,8,8576,9.759,21.878
SLC,2024,9,8482,7.762,20.031
SLC,2024,10,4294,9.164,17.589
SLC,2024,11,16622,10.362,18.559
SLC,2024,12,2478,13.895,16.079
SLC,2024,13,5998,14.809,16.597
SLC,2024,14,4437,15.642,16.4
SLC,2024,15,10368,12.044,17.654
SLC,2024,16,4431,15.558,17.568
SLC,2024,17,11782,16.777,17.117
SLC,2024,18,2162,18.351,16.377
SLC,2024,19,1594,24.657,16.94
SLC,2024,20,4809,13.685,16.86
SLC,2024,21,8192,13.648,17.417
SLC,2024,22,4992,17.212,18.091
SLC,2024,23,5903,15.149,17.402
TPA,2023,5,2684,4.52,12.19
TPA,2023,6,6183,6.158,13.568
TPA,2023,7,8224,9.863,14.927
TPA,2023,8,4923,10.084,14.522
TPA,2023,9,5317,10.794,14.577
TPA,2023,10,4289,11.198,14.665
TPA,2023,11,4660,13.756,14.696
TPA,2023,12,4812,12.806,15.239
TPA,2023,13,4054,16.943,15.167
TPA,2023,14,3920,18.577,14.961
TPA,2023,15,4173,20.458,15.21
TPA,2023,16,4099,21.638,15.129
TPA,2023,17,4491,22.979,15.105
TPA,2023,18,4282,23.79,15.175
TPA,2023,19,4574,26.666,14.404
TPA,2023,20,3283,27.441,13.135
TPA,2023,21,3206,24.425,12.59
TPA,2023,22,1389,28.88,12.815
TPA,2023,23,100,38.389,14.316
TPA,2024,0,45,25.022,13.8
TPA,2024,5,2576,4.848,12.924
TPA,2024,6,5791,5.684,13.415
TPA,2024,7,8469,8.799,15.392
TPA,2024,8,4423,10.026,15.182
TPA,2024,9,4906,10.459,14.903
TPA,2024,10,4251,11.272,14.827
TPA,2024,11,5139,15.893,15.634
TPA,2024,12,4954,15.732,15.742
TPA,2024,13,3735,18.76,15.409
TPA,2024,14,3693,21.028,15.604
TPA,2024,15,4919,24.71,16.373
TPA,2024,16,4724,22.499,17.353
TPA,2024,17,5084,28.798,17.068
TPA,2024,18,5048,26.417,16.909
TPA,2024,19,4861,28.552,15.02
TPA,2024,20,3202,25.329,13.625
TPA,2024,21,1686,26.397,12.723
TPA,2024,22,889,30.375,13.417
TPA,2024,23,122,31.513,13.756
