airport,year,load_bin_low,flights,mean_taxi_out,mean_dep_delay_minutes,cancellation_share
ATL,2023,0.0,2158,15.535,12.933,0.01297
ATL,2023,0.1,903,16.32,19.058,0.01218
ATL,2023,0.2,3648,16.182,17.044,0.01124
ATL,2023,0.3,8109,15.632,10.051,0.01295
ATL,2023,0.4,8781,15.287,13.375,0.01036
ATL,2023,0.5,33842,15.29,14.504,0.00889
ATL,2023,0.6,73067,15.706,13.496,0.00873
ATL,2023,0.7,56840,15.988,14.647,0.00646
ATL,2023,0.8,64620,16.186,13.789,0.00729
ATL,2023,0.9,50483,16.382,14.128,0.00911
ATL,2023,1.0,26587,16.326,9.587,0.00617
ATL,2023,1.1,6977,17.218,15.274,0.01304
ATL,2023,1.2,448,15.819,15.696,0.0
ATL,2024,0.0,1897,14.973,12.778,0.01634
ATL,2024,0.1,2841,15.983,12.838,0.01021
ATL,2024,0.2,6477,15.663,12.287,0.01498
ATL,2024,0.3,4896,16.148,9.579,0.01164
ATL,2024,0.4,8791,15.958,12.58,0.0091
ATL,2024,0.5,27200,15.706,13.734,0.00614
ATL,2024,0.6,55629,15.728,13.142,0.00892
ATL,2024,0.7,56261,16.445,14.496,0.00999
ATL,2024,0.8,61891,16.65,14.641,0.01023
ATL,2024,0.9,66012,16.759,13.08,0.00901
ATL,2024,1.0,29025,17.564,14.21,0.01127
ATL,2024,1.1,17827,17.471,14.128,0.01773
ATL,2024,1.2,2877,17.217,14.152,0.00695
ATL,2024,1.3,286,16.227,21.143,0.0
AUS,2023,0.0,78,13.442,31.896,0.01282
AUS,2023,0.1,325,12.398,28.031,0.00923
AUS,2023,0.2,1215,13.118,17.561,0.02305
AUS,2023,0.3,1022,13.43,18.045,0.00783
AUS,2023,0.4,6475,13.652,17.362,0.01143
AUS,2023,0.5,7957,14.17,16.223,0.01345
AUS,2023,0.6,13890,14.463,17.903,0.01461
AUS,2023,0.7,8925,14.636,15.146,0.01345
AUS,2023,0.8,29905,14.906,15.497,0.01147
AUS,2023,0.9,15403,15.485,15.005,0.01234
AUS,2023,1.0,4410,15.37,14.059,0.01723
AUS,2023,1.1,3156,15.416,13.347,0.00665
AUS,2023,1.2,52,14.25,10.577,0.0
AUS,2024,0.0,134,13.579,21.692,0.00746
AUS,2024,0.1,485,15.555,24.89,0.00825
AUS,2024,0.2,1576,13.973,15.435,0.01142
AUS,2024,0.3,1428,13.939,14.5,0.01401
AUS,2024,0.4,7383,14.241,16.479,0.00975
AUS,2024,0.5,9472,14.558,14.932,0.00961
AUS,2024,0.6,15438,14.861,17.109,0.00952
AUS,2024,0.7,8895,14.956,15.713,0.00731
AUS,2024,0.8,23465,15.195,18.579,0.01053
AUS,2024,0.9,10221,15.59,19.235,0.01027
AUS,2024,1.0,3759,15.992,18.955,0.0149
AUS,2024,1.1,3088,17.023,23.11,0.01133
BNA,2023,0.0,97,13.83,22.383,0.03093
BNA,2023,0.1,361,12.155,17.094,0.0
BNA,2023,0.2,552,13.436,17.21,0.00725
BNA,2023,0.3,4101,13.973,16.641,0.01341
BNA,2023,0.4,7723,14.24,14.77,0.01644
BNA,2023,0.5,12822,14.587,15.921,0.0092
BNA,2023,0.6,23697,15.145,16.158,0.01279
BNA,2023,0.7,13040,15.708,15.02,0.01104
BNA,2023,0.8,10252,16.019,13.503,0.00917
BNA,2023,0.9,15093,16.285,12.256,0.01272
BNA,2023,1.0,4309,16.225,11.234,0.01346
BNA,2023,1.1,2486,16.573,10.089,0.00684
BNA,2023,1.2,1652,16.4,10.818,0.0109
BNA,2023,1.3,304,16.507,7.408,0.0
BNA,2024,0.0,224,12.882,24.386,0.01786
BNA,2024,0.1,156,14.234,18.812,0.01282
BNA,2024,0.2,711,14.118,12.571,0.00985
BNA,2024,0.3,3620,14.988,17.212,0.01934
BNA,2024,0.4,5173,14.25,14.376,0.01373
BNA,2024,0.5,9644,15.06,15.191,0.01389
BNA,2024,0.6,20793,15.082,15.653,0.0125
BNA,2024,0.7,17438,15.438,15.345,0.00981
BNA,2024,0.8,13908,15.799,14.842,0.01352
BNA,2024,0.9,16282,16.31,13.618,0.01345
BNA,2024,1.0,6013,16.155,15.33,0.01081
BNA,2024,1.1,3984,16.449,12.41,0.01581
BNA,2024,1.2,1670,16.87,10.273,0.00958
BNA,2024,1.3,439,17.97,8.516,0.00683
BNA,2024,1.4,165,16.321,5.83,0.0
BOS,2023,0.0,581,17.0,24.965,0.02754
BOS,2023,0.1,1230,17.773,24.111,0.0439
BOS,2023,0.2,3028,16.65,19.418,0.0175
BOS,2023,0.3,4162,16.765,16.75,0.01562
BOS,2023,0.4,10848,18.399,16.217,0.01881
BOS,2023,0.5,25063,19.089,17.812,0.01791
BOS,2023,0.6,23992,19.857,19.28,0.01926
BOS,2023,0.7,22403,21.685,23.424,0.02593
BOS,2023,0.8,20299,21.77,20.137,0.01434
BOS,2023,0.9,12223,21.085,13.452,0.01415
BOS,2023,1.0,6952,21.802,11.621,0.01036
BOS,2023,1.1,7367,21.206,8.588,0.00896
BOS,2023,1.2,2277,23.044,13.37,0.02108
BOS,2023,1.3,92,34.12,19.957,0.0
BOS,2024,0.0,602,15.326,27.854,0.05648
BOS,2024,0.1,864,16.784,29.56,0.04167
BOS,2024,0.2,2203,16.799,16.434,0.01362
BOS,2024,0.3,4751,17.651,11.212,0.012
BOS,2024,0.4,9958,17.641,13.75,0.01215
BOS,2024,0.5,21198,18.931,14.888,0.01288
BOS,2024,0.6,22289,19.861,17.518,0.01516
BOS,2024,0.7,22540,21.605,19.467,0.01539
BOS,2024,0.8,24303,22.242,20.764,0.01872
BOS,2024,0.9,11562,21.98,11.809,0.01003
BOS,2024,1.0,8921,21.856,8.888,0.00583
BOS,2024,1.1,10784,22.006,8.727,0.01604
BOS,2024,1.2,2632,21.936,7.1,0.01292
BOS,2024,1.3,883,21.736,11.94,0.01699
BWI,2023,0.0,561,12.815,16.031,0.01783
BWI,2023,0.1,1027,12.907,15.248,0.01558
BWI,2023,0.2,1684,13.368,13.728,0.00713
BWI,2023,0.3,8357,13.55,17.595,0.00802
BWI,2023,0.4,15166,13.847,17.309,0.01121
BWI,2023,0.5,10977,14.014,21.119,0.01239
BWI,2023,0.6,15902,14.036,20.929,0.01226
BWI,2023,0.7,8611,14.367,20.317,0.01126
BWI,2023,0.8,12620,14.588,17.319,0.0088
BWI,2023,0.9,12319,14.819,14.246,0.01128
BWI,2023,1.0,3027,16.424,7.848,0.00496
BWI,2023,1.1,4721,15.963,7.76,0.00847
BWI,2023,1.2,65,18.078,3.0,0.01538
BWI,2023,1.3,1197,17.106,6.83,0.01086
BWI,2023,1.4,37,16.162,6.973,0.0
BWI,2024,0.0,548,13.356,14.169,0.02007
BWI,2024,0.1,910,13.288,13.416,0.01209
BWI,2024,0.2,931,14.139,18.262,0.01182
BWI,2024,0.3,5800,14.119,13.777,0.00948
BWI,2024,0.4,13553,14.117,15.772,0.01144
BWI,2024,0.5,14726,14.415,17.883,0.01182
BWI,2024,0.6,22184,14.647,19.121,0.00992
BWI,2024,0.7,9125,15.124,21.14,0.01753
BWI,2024,0.8,12015,15.501,20.034,0.0104
BWI,2024,0.9,7807,16.38,13.622,0.01153
BWI,2024,1.0,6364,17.352,13.378,0.011
BWI,2024,1.1,3893,18.673,7.383,0.00976
BWI,2024,1.2,614,17.31,5.804,0.0114
BWI,2024,1.3,102,15.922,2.471,0.0
CLT,2023,0.0,1424,15.676,13.481,0.01475
CLT,2023,0.1,12057,18.359,15.296,0.01294
CLT,2023,0.2,17009,19.264,18.066,0.01223
CLT,2023,0.3,7407,20.287,18.001,0.01242
CLT,2023,0.4,1507,18.965,13.74,0.00398
CLT,2023,0.5,4715,18.855,11.742,0.00085
CLT,2023,0.6,13792,19.448,13.308,0.00754
CLT,2023,0.7,24886,20.088,14.293,0.00567
CLT,2023,0.8,36023,20.499,17.858,0.00838
CLT,2023,0.9,52663,21.352,17.358,0.01018
CLT,2023,1.0,21777,21.383,18.65,0.00918
CLT,2023,1.1,1840,22.569,31.348,0.00598
CLT,2024,0.0,1661,16.92,19.375,0.02529
CLT,2024,0.1,8706,18.7,12.701,0.01126
CLT,2024,0.2,8993,19.437,17.235,0.01001
CLT,2024,0.3,17681,20.084,22.898,0.01572
CLT,2024,0.4,13729,21.536,30.451,0.0201
CLT,2024,0.5,3621,19.529,16.587,0.0069
CLT,2024,0.6,11338,19.813,20.232,0.01226
CLT,2024,0.7,29109,20.792,16.24,0.00787
CLT,2024,0.8,35338,22.205,20.198,0.01316
CLT,2024,0.9,48849,22.86,21.581,0.0155
CLT,2024,1.0,27948,23.172,24.18,0.01646
CLT,2024,1.1,9222,23.758,19.552,0.0116
CLT,2024,1.2,1360,24.928,9.628,0.00809
DAL,2023,0.0,7,11.571,20.429,0.0
DAL,2023,0.1,202,9.797,14.421,0.0
DAL,2023,0.2,64,10.125,15.078,0.0
DAL,2023,0.3,981,11.06,13.42,0.01733
DAL,2023,0.4,3152,11.278,15.162,0.01681
DAL,2023,0.5,4356,11.808,15.161,0.01423
DAL,2023,0.6,12883,11.889,14.613,0.0156
DAL,2023,0.7,8928,11.799,15.302,0.01669
DAL,2023,0.8,20974,12.341,13.187,0.01921
DAL,2023,0.9,16068,12.532,12.384,0.01263
DAL,2023,1.0,2907,12.157,5.634,0.00378
DAL,2023,1.1,4235,12.261,8.672,0.0059
DAL,2024,0.0,67,10.612,11.821,0.0
DAL,2024,0.1,126,9.893,24.238,0.03175
DAL,2024,0.2,4,8.25,23.25,0.0
DAL,2024,0.3,379,12.202,28.354,0.00792
DAL,2024,0.4,2148,11.732,16.832,0.01397
DAL,2024,0.5,3510,12.748,15.276,0.00655
DAL,2024,0.6,15777,12.976,16.205,0.01217
DAL,2024,0.7,10968,13.184,17.909,0.00857
DAL,2024,0.8,21454,13.145,16.588,0.01011
DAL,2024,0.9,11632,13.336,14.388,0.01212
DAL,2024,1.0,3621,12.734,10.413,0.01823
DAL,2024,1.1,2988,12.973,5.589,0.00535
DCA,2023,0.0,1563,16.908,10.822,0.02431
DCA,2023,0.1,613,16.292,14.579,0.02773
DCA,2023,0.2,684,18.355,21.378,0.02047
DCA,2023,0.3,1797,16.901,17.579,0.02282
DCA,2023,0.4,13415,19.171,13.867,0.01297
DCA,2023,0.5,14425,19.482,14.022,0.01525
DCA,2023,0.6,24442,19.77,14.721,0.02185
DCA,2023,0.7,30038,20.352,14.559,0.01601
DCA,2023,0.8,17316,21.533,11.666,0.00797
DCA,2023,0.9,20411,23.236,13.974,0.01573
DCA,2023,1.0,8058,23.999,12.058,0.01042
DCA,2023,1.1,6504,27.69,7.768,0.00815
DCA,2023,1.2,739,23.794,7.662,0.00271
DCA,2024,0.0,1348,16.135,12.059,0.01335
DCA,2024,0.1,869,17.192,20.936,0.03452
DCA,2024,0.2,663,17.426,13.405,0.00905
DCA,2024,0.3,3793,19.536,15.601,0.01318
DCA,2024,0.4,12731,18.797,17.091,0.01233
DCA,2024,0.5,14724,18.929,14.842,0.01114
DCA,2024,0.6,20398,19.669,15.347,0.02157
DCA,2024,0.7,32997,20.495,18.21,0.01873
DCA,2024,0.8,13906,20.59,14.469,0.01079
DCA,2024,0.9,19663,22.604,16.401,0.01653
DCA,2024,1.0,8726,23.175,14.817,0.00882
DCA,2024,1.1,5750,27.187,15.625,0.02052
DCA,2024,1.2,4448,27.797,9.346,0.01551
DEN,2023,0.0,2595,16.166,20.169,0.01696
DEN,2023,0.1,5074,16.103,24.251,0.02089
DEN,2023,0.2,5871,17.128,11.593,0.01686
DEN,2023,0.3,34896,16.36,18.526,0.01696
DEN,2023,0.4,39712,16.671,16.991,0.01403
DEN,2023,0.5,42195,17.182,16.273,0.01239
DEN,2023,0.6,43243,17.625,18.862,0.01464
DEN,2023,0.7,35473,18.193,17.287,0.01398
DEN,2023,0.8,18173,18.21,18.789,0.01062
DEN,2023,0.9,30440,19.259,18.112,0.01248
DEN,2023,1.0,26109,19.701,19.394,0.01367
DEN,2023,1.1,5204,19.758,18.05,0.00884
DEN,2024,0.0,3215,16.013,20.516,0.01244
DEN,2024,0.1,4800,18.074,15.071,0.0125
DEN,2024,0.2,5653,16.81,17.033,0.01238
DEN,2024,0.3,19742,16.609,15.353,0.012
DEN,2024,0.4,43343,17.729,15.47,0.01197
DEN,2024,0.5,40501,17.476,16.113,0.01133
DEN,2024,0.6,40880,18.375,16.56,0.01274
DEN,2024,0.7,22931,19.012,13.244,0.01238
DEN,2024,0.8,21263,18.48,12.504,0.00847
DEN,2024,0.9,50135,19.063,16.181,0.01117
DEN,2024,1.0,32029,19.466,18.039,0.01346
DEN,2024,1.1,20252,19.842,15.524,0.00543
DEN,2024,1.2,3901,20.414,11.911,0.00359
DFW,2023,0.0,854,17.534,36.67,0.02693
DFW,2023,0.1,8272,16.77,10.26,0.01886
DFW,2023,0.2,4704,17.577,11.883,0.01084
DFW,2023,0.3,7128,17.952,17.76,0.02511
DFW,2023,0.4,29939,18.555,16.502,0.01069
DFW,2023,0.5,34410,18.684,19.953,0.02069
DFW,2023,0.6,40564,18.932,26.505,0.02305
DFW,2023,0.7,45648,19.423,21.196,0.01661
DFW,2023,0.8,50408,20.135,19.07,0.01264
DFW,2023,0.9,28697,20.693,13.944,0.01126
DFW,2023,1.0,19308,22.162,9.826,0.01466
DFW,2023,1.1,10919,22.788,9.211,0.00247
DFW,2023,1.2,4393,25.102,8.185,0.00228
DFW,2024,0.0,893,17.448,37.16,0.02016
DFW,2024,0.1,7063,17.462,10.673,0.00934
DFW,2024,0.2,7063,18.975,13.74,0.00963
DFW,2024,0.3,5808,18.538,20.096,0.01567
DFW,2024,0.4,17928,17.936,21.728,0.01924
DFW,2024,0.5,25598,18.549,24.475,0.02223
DFW,2024,0.6,52110,19.051,24.003,0.02351
DFW,2024,0.7,44549,19.037,26.484,0.02184
DFW,2024,0.8,39423,19.435,22.886,0.01948
DFW,2024,0.9,34762,20.1,21.375,0.01709
DFW,2024,1.0,32087,21.467,21.065,0.01767
DFW,2024,1.1,32035,22.499,14.397,0.01383
DFW,2024,1.2,9093,23.919,12.75,0.011
DFW,2024,1.3,5170,24.32,7.529,0.00193
DTW,2023,0.0,579,14.844,11.379,0.01209
DTW,2023,0.1,5999,15.949,14.144,0.01367
DTW,2023,0.2,10611,15.658,14.094,0.01065
DTW,2023,0.3,8913,16.394,16.139,0.01885
DTW,2023,0.4,10287,16.176,15.07,0.0138
DTW,2023,0.5,14281,16.453,12.672,0.01155
DTW,2023,0.6,12283,17.113,14.614,0.01498
DTW,2023,0.7,17253,16.515,14.053,0.0131
DTW,2023,0.8,14226,16.748,12.889,0.01153
DTW,2023,0.9,15878,17.721,10.872,0.00523
DTW,2023,1.0,6971,17.921,9.162,0.01004
DTW,2023,1.1,2561,17.549,8.64,0.00469
DTW,2023,1.2,5137,17.062,7.801,0.00545
DTW,2023,1.3,1093,16.759,13.181,0.02928
DTW,2024,0.0,607,15.564,18.195,0.00988
DTW,2024,0.1,7309,16.193,13.726,0.01327
DTW,2024,0.2,8745,16.644,13.786,0.01326
DTW,2024,0.3,6796,16.688,15.31,0.01545
DTW,2024,0.4,9977,17.049,20.512,0.01614
DTW,2024,0.5,10832,17.267,17.145,0.01052
DTW,2024,0.6,7234,16.741,15.378,0.00788
DTW,2024,0.7,10436,17.555,12.328,0.00517
DTW,2024,0.8,11507,18.035,13.251,0.00947
DTW,2024,0.9,14069,17.885,14.091,0.0081
DTW,2024,1.0,13967,18.009,15.772,0.0106
DTW,2024,1.1,14410,18.589,12.614,0.00701
DTW,2024,1.2,11087,19.098,11.149,0.00929
DTW,2024,1.3,2794,19.238,18.086,0.02219
DTW,2024,1.4,1485,18.464,16.086,0.00471
DTW,2024,1.5,112,16.545,9.688,0.0
EWR,2023,0.0,136,17.597,12.567,0.01471
EWR,2023,0.1,1514,18.655,21.049,0.03104
EWR,2023,0.2,2845,19.639,22.653,0.0348
EWR,2023,0.3,1155,20.003,19.302,0.01905
EWR,2023,0.4,2678,18.526,13.347,0.00971
EWR,2023,0.5,8061,22.188,19.236,0.033
EWR,2023,0.6,23866,23.786,20.063,0.03319
EWR,2023,0.7,19830,23.903,19.091,0.03354
EWR,2023,0.8,46021,24.507,19.319,0.02655
EWR,2023,0.9,21595,24.028,16.226,0.02417
EWR,2023,1.0,6151,23.41,11.223,0.01772
EWR,2023,1.1,4467,25.727,13.537,0.01366
EWR,2023,1.2,259,30.412,17.071,0.01544
EWR,2024,0.0,292,18.326,25.195,0.03425
EWR,2024,0.1,1328,19.054,24.332,0.0369
EWR,2024,0.2,1877,17.85,12.75,0.01811
EWR,2024,0.3,804,19.128,17.015,0.02114
EWR,2024,0.4,7630,20.669,15.219,0.02844
EWR,2024,0.5,13575,23.651,18.763,0.03219
EWR,2024,0.6,33999,24.933,19.262,0.02609
EWR,2024,0.7,20329,25.446,20.773,0.02494
EWR,2024,0.8,27216,24.742,16.013,0.02289
EWR,2024,0.9,16802,25.087,15.552,0.02047
EWR,2024,1.0,2929,23.349,11.746,0.02868
EWR,2024,1.1,2198,21.157,8.587,0.01865
FLL,2023,0.0,525,15.161,26.019,0.00762
FLL,2023,0.1,866,15.202,22.724,0.01732
FLL,2023,0.2,1525,15.368,23.129,0.01967
FLL,2023,0.3,6036,17.125,27.759,0.02386
FLL,2023,0.4,7979,17.616,23.262,0.01529
FLL,2023,0.5,12876,18.212,22.647,0.01623
FLL,2023,0.6,22819,18.125,25.503,0.02082
FLL,2023,0.7,11237,18.164,26.03,0.01397
FLL,2023,0.8,7836,18.638,28.261,0.01787
FLL,2023,0.9,8811,17.423,23.159,0.02247
FLL,2023,1.0,4354,17.824,27.039,0.01148
FLL,2023,1.1,2795,16.973,24.386,0.02934
FLL,2023,1.2,1565,18.461,23.469,0.01214
FLL,2023,1.3,611,17.542,20.7,0.00327
FLL,2024,0.0,571,14.772,14.292,0.01751
FLL,2024,0.1,1263,14.841,16.647,0.01188
FLL,2024,0.2,1464,15.69,22.081,0.01913
FLL,2024,0.3,4987,17.453,18.082,0.01765
FLL,2024,0.4,7907,17.824,22.479,0.01986
FLL,2024,0.5,12194,17.928,20.028,0.01681
FLL,2024,0.6,18881,18.021,21.592,0.01917
FLL,2024,0.7,11277,17.546,20.021,0.0125
FLL,2024,0.8,9320,17.154,18.763,0.01298
FLL,2024,0.9,10341,17.463,20.187,0.01644
FLL,2024,1.0,6324,17.442,20.096,0.01676
FLL,2024,1.1,4788,17.542,16.628,0.01546
FLL,2024,1.2,2150,17.372,14.184,0.00884
FLL,2024,1.3,423,20.033,23.138,0.00709
IAH,2023,0.0,670,15.355,21.709,0.00448
IAH,2023,0.1,4183,15.774,19.013,0.00908
IAH,2023,0.2,7979,16.475,16.292,0.01216
IAH,2023,0.3,10744,16.794,16.696,0.01257
IAH,2023,0.4,5448,18.732,16.086,0.0101
IAH,2023,0.5,7177,18.889,17.796,0.00738
IAH,2023,0.6,11796,19.499,19.823,0.01246
IAH,2023,0.7,14253,19.082,15.367,0.00905
IAH,2023,0.8,18886,19.741,16.577,0.00805
IAH,2023,0.9,13387,20.289,17.562,0.01023
IAH,2023,1.0,2771,20.903,20.863,0.02526
IAH,2023,1.1,4180,21.124,28.853,0.01483
IAH,2023,1.2,4686,20.334,26.512,0.02091
IAH,2023,1.3,5638,21.451,16.24,0.00408
IAH,2023,1.4,94,27.333,11.925,0.01064
IAH,2024,0.0,643,16.362,23.554,0.02022
IAH,2024,0.1,3225,16.815,20.664,0.01488
IAH,2024,0.2,8943,16.76,18.388,0.01621
IAH,2024,0.3,15770,17.834,18.032,0.01845
IAH,2024,0.4,7739,18.623,21.301,0.02481
IAH,2024,0.5,4570,19.397,23.756,0.02823
IAH,2024,0.6,7360,20.169,23.175,0.02486
IAH,2024,0.7,11484,20.555,19.31,0.01942
IAH,2024,0.8,15250,20.629,17.557,0.01862
IAH,2024,0.9,17180,20.659,22.278,0.02439
IAH,2024,1.0,6294,21.297,17.269,0.01541
IAH,2024,1.1,5918,20.921,18.011,0.01132
IAH,2024,1.2,8255,21.324,23.963,0.01757
IAH,2024,1.3,3121,20.774,36.628,0.03781
IAH,2024,1.4,188,21.41,21.463,0.0
JFK,2023,0.0,551,18.85,18.026,0.02178
JFK,2023,0.1,579,18.636,11.357,0.01382
JFK,2023,0.2,400,24.546,33.807,0.0425
JFK,2023,0.3,1422,27.927,30.688,0.07525
JFK,2023,0.4,9627,24.113,18.622,0.01953
JFK,2023,0.5,18186,25.175,18.153,0.02337
JFK,2023,0.6,28481,27.191,21.858,0.02862
JFK,2023,0.7,20359,26.997,21.368,0.02927
JFK,2023,0.8,26928,27.165,18.624,0.0199
JFK,2023,0.9,12332,25.612,15.072,0.01346
JFK,2023,1.0,7789,25.209,13.636,0.01322
JFK,2023,1.1,6394,25.175,11.243,0.01282
JFK,2024,0.0,586,21.365,10.363,0.03242
JFK,2024,0.1,520,20.517,14.089,0.00962
JFK,2024,0.2,1765,24.392,18.167,0.02323
JFK,2024,0.3,3485,26.085,18.64,0.03271
JFK,2024,0.4,10486,24.131,15.455,0.01564
JFK,2024,0.5,23042,26.745,19.676,0.02426
JFK,2024,0.6,28398,27.563,18.166,0.02074
JFK,2024,0.7,14486,24.658,14.408,0.0147
JFK,2024,0.8,20700,26.888,15.816,0.01889
JFK,2024,0.9,11173,25.772,11.982,0.01146
JFK,2024,1.0,5893,27.129,10.939,0.01018
JFK,2024,1.1,2814,26.697,7.025,0.00355
LAS,2023,0.0,749,13.189,26.383,0.01602
LAS,2023,0.1,1512,14.379,15.234,0.00926
LAS,2023,0.2,2131,14.421,16.147,0.01173
LAS,2023,0.3,3301,14.177,15.163,0.00666
LAS,2023,0.4,11433,15.007,18.685,0.01496
LAS,2023,0.5,18367,15.649,20.417,0.01459
LAS,2023,0.6,28894,17.312,20.517,0.01319
LAS,2023,0.7,40969,18.615,18.973,0.01274
LAS,2023,0.8,44587,20.172,16.558,0.01083
LAS,2023,0.9,25456,20.378,15.995,0.01131
LAS,2023,1.0,8018,20.232,10.994,0.00611
LAS,2023,1.1,4280,19.683,7.51,0.00491
LAS,2023,1.2,1130,20.181,6.048,0.00265
LAS,2023,1.3,50,16.959,14.122,0.02
LAS,2024,0.0,772,13.705,11.796,0.00907
LAS,2024,0.1,2294,14.274,9.071,0.00349
LAS,2024,0.2,3672,14.421,14.528,0.01089
LAS,2024,0.3,4482,14.497,12.486,0.01093
LAS,2024,0.4,9475,15.323,13.649,0.0076
LAS,2024,0.5,15781,15.949,17.399,0.00944
LAS,2024,0.6,26387,17.287,19.11,0.01019
LAS,2024,0.7,38711,18.037,18.039,0.0092
LAS,2024,0.8,38586,19.111,16.654,0.00868
LAS,2024,0.9,26139,19.265,13.605,0.00689
LAS,2024,1.0,10891,19.487,11.865,0.01203
LAS,2024,1.1,8118,19.35,9.331,0.00542
LAS,2024,1.2,2820,19.323,5.73,0.00957
LAS,2024,1.3,1124,20.267,4.711,0.00267
LAX,2023,0.0,1285,16.343,21.742,0.01556
LAX,2023,0.1,743,17.177,12.828,0.00404
LAX,2023,0.2,3061,15.675,8.062,0.00882
LAX,2023,0.3,7680,16.498,12.272,0.00885
LAX,2023,0.4,23977,16.718,16.906,0.00792
LAX,2023,0.5,35103,16.951,16.034,0.00994
LAX,2023,0.6,36348,17.044,13.483,0.00699
LAX,2023,0.7,36347,17.311,15.202,0.00913
LAX,2023,0.8,15919,18.386,13.97,0.00867
LAX,2023,0.9,12910,19.466,11.885,0.00418
LAX,2023,1.0,3475,19.813,10.266,0.00403
LAX,2023,1.1,5898,20.315,8.987,0.00661
LAX,2023,1.2,10374,20.269,9.878,0.00781
LAX,2023,1.3,1233,21.156,10.847,0.00324
LAX,2024,0.0,964,16.011,21.784,0.01763
LAX,2024,0.1,1740,16.681,10.421,0.01552
LAX,2024,0.2,3803,16.516,8.615,0.0121
LAX,2024,0.3,5931,17.208,11.427,0.00641
LAX,2024,0.4,22048,17.674,13.814,0.0078
LAX,2024,0.5,33244,18.005,15.02,0.00914
LAX,2024,0.6,42088,18.178,14.691,0.00682
LAX,2024,0.7,39881,18.765,13.482,0.00938
LAX,2024,0.8,10392,19.593,13.733,0.00664
LAX,2024,0.9,9559,20.402,13.189,0.00701
LAX,2024,1.0,10228,20.32,10.61,0.00753
LAX,2024,1.1,6508,20.677,9.876,0.00507
LAX,2024,1.2,4898,21.913,11.449,0.00715
LAX,2024,1.3,2330,22.315,13.008,0.01373
LAX,2024,1.4,439,25.046,9.718,0.00683
LGA,2023,0.0,1313,17.145,22.528,0.04722
LGA,2023,0.1,920,16.656,21.927,0.04674
LGA,2023,0.2,409,17.841,18.319,0.0489
LGA,2023,0.3,1249,17.598,15.885,0.01201
LGA,2023,0.4,5515,18.509,12.971,0.01958
LGA,2023,0.5,9063,19.671,14.27,0.03862
LGA,2023,0.6,12098,21.167,14.876,0.02066
LGA,2023,0.7,18107,24.957,16.111,0.03496
LGA,2023,0.8,65492,24.515,15.56,0.02642
LGA,2023,0.9,38203,24.838,14.525,0.02662
LGA,2023,1.0,8557,22.697,8.73,0.02279
LGA,2023,1.1,2800,21.356,6.276,0.02286
LGA,2024,0.0,1207,16.93,22.834,0.03397
LGA,2024,0.1,1000,16.695,27.96,0.032
LGA,2024,0.2,368,16.941,26.607,0.03804
LGA,2024,0.3,1409,17.599,15.265,0.00639
LGA,2024,0.4,4507,19.059,12.863,0.02241
LGA,2024,0.5,9974,20.591,14.773,0.02857
LGA,2024,0.6,10471,21.052,13.589,0.01576
LGA,2024,0.7,30116,23.571,15.914,0.02258
LGA,2024,0.8,68117,24.876,16.269,0.02644
LGA,2024,0.9,27759,23.748,11.911,0.01927
LGA,2024,1.0,7504,22.231,9.145,0.02439
MCO,2023,0.0,496,15.864,33.839,0.01008
MCO,2023,0.1,1175,15.394,24.69,0.01532
MCO,2023,0.2,2352,15.425,17.617,0.0102
MCO,2023,0.3,2799,15.846,22.372,0.01215
MCO,2023,0.4,5306,18.013,32.061,0.01847
MCO,2023,0.5,18899,18.48,26.917,0.01624
MCO,2023,0.6,25232,18.669,24.448,0.01324
MCO,2023,0.7,30839,19.199,25.262,0.01446
MCO,2023,0.8,36945,19.425,22.763,0.01223
MCO,2023,0.9,24143,18.529,15.388,0.01056
MCO,2023,1.0,12125,19.636,12.282,0.01122
MCO,2023,1.1,4015,19.556,8.951,0.00747
MCO,2023,1.2,43,23.535,2.093,0.0
MCO,2024,0.0,542,14.815,13.109,0.02214
MCO,2024,0.1,1648,14.848,15.988,0.01153
MCO,2024,0.2,2736,15.369,24.399,0.02522
MCO,2024,0.3,2631,15.937,16.356,0.01634
MCO,2024,0.4,7553,16.923,17.904,0.01986
MCO,2024,0.5,18030,17.764,18.256,0.02085
MCO,2024,0.6,22156,18.905,21.701,0.0172
MCO,2024,0.7,27404,18.587,20.752,0.02043
MCO,2024,0.8,39151,18.614,20.111,0.01836
MCO,2024,0.9,23617,18.807,16.137,0.01732
MCO,2024,1.0,10385,19.199,11.994,0.01156
MCO,2024,1.1,3610,19.146,9.503,0.0144
MCO,2024,1.2,90,17.2,10.944,0.0
MDW,2023,0.0,212,14.867,37.652,0.00943
MDW,2023,0.1,310,13.948,12.705,0.00645
MDW,2023,0.2,2189,13.198,11.561,0.01005
MDW,2023,0.3,3661,13.183,13.052,0.01256
MDW,2023,0.4,9152,13.061,14.214,0.01573
MDW,2023,0.5,13573,13.206,15.674,0.01076
MDW,2023,0.6,12088,13.749,14.287,0.0134
MDW,2023,0.7,13427,13.878,16.354,0.01154
MDW,2023,0.8,10808,13.658,16.325,0.01138
MDW,2023,0.9,12064,14.603,17.656,0.02155
MDW,2023,1.0,4166,14.501,15.993,0.01104
MDW,2023,1.1,1920,15.238,14.383,0.00469
MDW,2023,1.2,1526,15.561,10.11,0.05636
MDW,2024,0.0,289,14.993,29.021,0.02768
MDW,2024,0.1,715,14.089,17.931,0.02657
MDW,2024,0.2,1769,13.177,14.543,0.02318
MDW,2024,0.3,4445,12.906,12.438,0.0126
MDW,2024,0.4,10524,12.917,14.574,0.01017
MDW,2024,0.5,13587,13.426,13.693,0.00729
MDW,2024,0.6,11722,13.836,13.368,0.01672
MDW,2024,0.7,8878,13.722,15.944,0.0089
MDW,2024,0.8,6325,13.815,14.893,0.00696
MDW,2024,0.9,8785,14.35,14.145,0.01024
MDW,2024,1.0,6153,15.221,17.338,0.02097
MDW,2024,1.1,4096,15.444,17.521,0.01245
MDW,2024,1.2,1588,14.563,16.015,0.00504
MDW,2024,1.3,487,16.318,29.505,0.0
MDW,2024,1.4,270,14.933,6.09,0.01111
MIA,2023,0.0,249,16.419,19.512,0.01205
MIA,2023,0.1,1399,15.949,10.057,0.01287
MIA,2023,0.2,1969,21.061,20.95,0.01828
MIA,2023,0.3,11478,20.262,19.594,0.01211
MIA,2023,0.4,19722,20.254,17.183,0.00958
MIA,2023,0.5,13780,20.219,19.617,0.00972
MIA,2023,0.6,14746,20.939,20.815,0.01133
MIA,2023,0.7,12140,21.373,19.831,0.00815
MIA,2023,0.8,7464,21.245,19.802,0.00509
MIA,2023,0.9,5603,24.978,28.16,0.01321
MIA,2023,1.0,2368,21.677,26.636,0.01267
MIA,2023,1.1,5327,23.188,27.586,0.00638
MIA,2023,1.2,4226,23.469,37.878,0.0194
MIA,2023,1.3,1765,22.946,29.326,0.01133
MIA,2023,1.4,125,24.976,10.968,0.0
MIA,2023,1.5,129,38.281,41.094,0.00775
MIA,2023,1.6,45,20.778,4.022,0.0
MIA,2024,0.0,348,17.433,17.404,0.03161
MIA,2024,0.1,1013,17.103,13.254,0.01283
MIA,2024,0.2,2288,19.126,12.976,0.0118
MIA,2024,0.3,9192,20.727,16.025,0.01632
MIA,2024,0.4,17139,20.074,18.53,0.01745
MIA,2024,0.5,14280,19.46,19.975,0.01674
MIA,2024,0.6,17637,20.796,25.869,0.02013
MIA,2024,0.7,13212,21.041,24.248,0.01385
MIA,2024,0.8,10274,20.44,22.526,0.01694
MIA,2024,0.9,4710,21.817,24.447,0.02696
MIA,2024,1.0,4318,23.563,22.53,0.01413
MIA,2024,1.1,7146,22.179,24.715,0.01679
MIA,2024,1.2,4714,21.763,23.695,0.01082
MIA,2024,1.3,2635,24.932,26.927,0.01366
MIA,2024,1.4,732,26.357,36.377,0.01913
MIA,2024,1.5,306,22.844,32.938,0.05882
MSP,2023,0.0,625,15.656,12.456,0.0272
MSP,2023,0.1,2999,16.952,15.602,0.02868
MSP,2023,0.2,3761,17.576,12.977,0.01755
MSP,2023,0.3,6414,17.265,12.782,0.01154
MSP,2023,0.4,9885,17.29,11.929,0.01497
MSP,2023,0.5,13029,16.918,9.87,0.00913
MSP,2023,0.6,18405,17.543,9.678,0.01358
MSP,2023,0.7,19885,17.429,10.858,0.01016
MSP,2023,0.8,13748,17.208,10.946,0.01346
MSP,2023,0.9,19404,17.684,11.409,0.01139
MSP,2023,1.0,10469,18.126,12.17,0.00688
MSP,2023,1.1,2210,15.875,9.974,0.00679
MSP,2023,1.2,973,16.863,10.73,0.00719
MSP,2023,1.3,165,18.222,31.08,0.01818
MSP,2023,1.5,47,22.362,3.213,0.0
MSP,2024,0.0,373,16.193,19.798,0.01609
MSP,2024,0.1,2412,17.662,11.762,0.00912
MSP,2024,0.2,4727,18.277,13.744,0.01164
MSP,2024,0.3,5777,18.326,14.548,0.00952
MSP,2024,0.4,5236,17.516,13.486,0.00898
MSP,2024,0.5,12713,18.396,11.372,0.00771
MSP,2024,0.6,20089,18.509,13.046,0.00697
MSP,2024,0.7,19337,18.902,12.985,0.01148
MSP,2024,0.8,19038,18.925,13.253,0.00825
MSP,2024,0.9,17079,18.887,13.973,0.00966
MSP,2024,1.0,10733,18.615,16.786,0.01099
MSP,2024,1.1,4060,20.162,11.454,0.00468
MSP,2024,1.2,2887,20.186,9.342,0.00381
MSP,2024,1.3,2318,16.561,9.801,0.00302
ORD,2023,0.0,2028,15.55,17.699,0.01479
ORD,2023,0.1,3091,17.161,12.058,0.01294
ORD,2023,0.2,9888,17.969,12.427,0.01082
ORD,2023,0.3,17939,19.898,17.402,0.01477
ORD,2023,0.4,28434,20.492,17.382,0.01407
ORD,2023,0.5,24904,21.622,17.717,0.01586
ORD,2023,0.6,28421,22.726,16.026,0.01144
ORD,2023,0.7,41451,22.71,12.652,0.0089
ORD,2023,0.8,36171,22.521,13.019,0.00904
ORD,2023,0.9,33810,24.022,15.542,0.01369
ORD,2023,1.0,22515,25.8,15.982,0.01297
ORD,2023,1.1,7810,26.504,17.758,0.01729
ORD,2023,1.2,2311,29.924,11.455,0.00173
ORD,2023,1.3,94,29.479,17.543,0.0
ORD,2024,0.0,1176,17.341,19.435,0.01786
ORD,2024,0.1,3151,16.721,11.584,0.0165
ORD,2024,0.2,4245,18.486,12.899,0.01366
ORD,2024,0.3,17527,19.734,16.869,0.01592
ORD,2024,0.4,28030,21.366,19.396,0.01302
ORD,2024,0.5,29807,22.276,20.336,0.01651
ORD,2024,0.6,23280,23.475,17.212,0.01843
ORD,2024,0.7,39141,24.119,18.219,0.01398
ORD,2024,0.8,51647,23.965,14.325,0.01011
ORD,2024,0.9,39175,25.323,18.727,0.01373
ORD,2024,1.0,21767,25.786,15.717,0.00836
ORD,2024,1.1,13212,28.322,24.038,0.01506
ORD,2024,1.2,7894,31.163,26.35,0.01279
PHL,2023,0.0,315,16.104,31.3,0.0254
PHL,2023,0.1,1948,16.552,16.79,0.01591
PHL,2023,0.2,8619,17.019,14.709,0.01323
PHL,2023,0.3,12737,17.953,15.391,0.01186
PHL,2023,0.4,9277,18.897,19.232,0.01153
PHL,2023,0.5,6487,18.461,18.487,0.01588
PHL,2023,0.6,11075,18.839,15.002,0.01192
PHL,2023,0.7,13048,19.842,14.727,0.0105
PHL,2023,0.8,6607,22.188,15.779,0.01408
PHL,2023,0.9,8026,22.983,16.209,0.01719
PHL,2023,1.0,5690,22.625,15.752,0.01265
PHL,2023,1.1,3747,22.188,17.606,0.01201
PHL,2023,1.2,2113,22.786,19.925,0.01372
PHL,2023,1.3,382,23.581,18.165,0.01832
PHL,2024,0.0,650,17.258,30.527,0.02769
PHL,2024,0.1,979,16.622,18.953,0.01328
PHL,2024,0.2,6060,17.921,13.821,0.01023
PHL,2024,0.3,12566,18.334,17.684,0.01576
PHL,2024,0.4,12123,19.017,17.24,0.01567
PHL,2024,0.5,11340,20.111,20.994,0.02293
PHL,2024,0.6,12055,20.208,17.901,0.01344
PHL,2024,0.7,10495,20.758,14.998,0.00915
PHL,2024,0.8,8989,21.93,16.843,0.00934
PHL,2024,0.9,8518,23.452,20.898,0.01831
PHL,2024,1.0,4486,25.409,23.249,0.02675
PHL,2024,1.1,4508,26.479,24.678,0.03061
PHL,2024,1.2,5545,28.246,22.014,0.02633
PHL,2024,1.3,2321,23.351,13.896,0.01637
PHX,2023,0.0,600,12.818,10.138,0.00833
PHX,2023,0.1,1517,13.124,16.5,0.00791
PHX,2023,0.2,5368,13.136,17.19,0.01285
PHX,2023,0.3,8865,12.943,15.789,0.00914
PHX,2023,0.4,16112,13.75,12.144,0.0077
PHX,2023,0.5,29227,13.989,13.003,0.00698
PHX,2023,0.6,29868,13.931,15.236,0.00536
PHX,2023,0.7,28674,15.018,16.198,0.00708
PHX,2023,0.8,21524,15.656,15.461,0.00813
PHX,2023,0.9,14030,16.922,11.821,0.00378
PHX,2023,1.0,5508,18.366,7.638,0.00327
PHX,2023,1.1,9330,20.154,7.833,0.00171
PHX,2023,1.2,4546,19.758,7.833,0.0022
PHX,2023,1.3,1174,20.497,7.317,0.01193
PHX,2023,1.4,348,22.644,5.494,0.0
PHX,2024,0.0,1376,13.133,10.033,0.00799
PHX,2024,0.1,1522,14.039,13.416,0.01051
PHX,2024,0.2,4327,14.269,17.072,0.01479
PHX,2024,0.3,4660,13.313,10.719,0.00901
PHX,2024,0.4,10429,14.098,12.402,0.00988
PHX,2024,0.5,19458,14.124,13.821,0.00771
PHX,2024,0.6,30632,14.86,14.674,0.00695
PHX,2024,0.7,29088,15.324,15.672,0.00485
PHX,2024,0.8,26568,15.484,16.003,0.00591
PHX,2024,0.9,26442,16.211,14.448,0.00484
PHX,2024,1.0,18110,18.42,10.633,0.00381
PHX,2024,1.1,12266,18.858,9.091,0.00351
PHX,2024,1.2,7793,19.503,9.726,0.00513
PHX,2024,1.3,880,20.644,6.282,0.00114
SAN,2023,0.0,24,18.792,20.042,0.0
SAN,2023,0.1,83,17.963,19.146,0.01205
SAN,2023,0.2,577,15.806,15.742,0.00693
SAN,2023,0.3,2005,16.699,13.537,0.01047
SAN,2023,0.4,11850,16.796,16.051,0.01131
SAN,2023,0.5,12587,17.338,15.457,0.01255
SAN,2023,0.6,17766,18.504,13.797,0.01008
SAN,2023,0.7,13837,19.187,13.614,0.0099
SAN,2023,0.8,12784,19.981,12.578,0.00876
SAN,2023,0.9,12180,20.982,10.663,0.00722
SAN,2023,1.0,4540,21.86,8.336,0.00815
SAN,2023,1.1,2317,23.624,8.362,0.01165
SAN,2023,1.2,405,23.384,8.371,0.02222
SAN,2024,0.0,34,15.647,34.647,0.0
SAN,2024,0.1,147,16.542,10.662,0.03401
SAN,2024,0.2,550,18.141,11.554,0.01818
SAN,2024,0.3,2438,18.405,11.654,0.01477
SAN,2024,0.4,9241,18.513,17.56,0.00952
SAN,2024,0.5,11307,19.362,18.242,0.01389
SAN,2024,0.6,13855,19.865,18.497,0.01537
SAN,2024,0.7,14913,21.399,16.791,0.01287
SAN,2024,0.8,15464,22.117,15.279,0.01306
SAN,2024,0.9,18950,23.769,13.756,0.01177
SAN,2024,1.0,5160,25.293,11.537,0.00736
SAN,2024,1.1,2475,25.82,10.2,0.01899
SAN,2024,1.2,111,32.315,8.162,0.0
SEA,2023,0.0,444,14.66,18.476,0.02027
SEA,2023,0.1,1107,16.687,15.447,0.00452
SEA,2023,0.2,5969,17.317,11.082,0.00804
SEA,2023,0.3,11872,18.76,10.5,0.00472
SEA,2023,0.4,15440,19.152,12.46,0.0079
SEA,2023,0.5,20999,20.195,10.925,0.00905
SEA,2023,0.6,29789,21.101,11.556,0.0048
SEA,2023,0.7,23091,20.623,11.55,0.00403
SEA,2023,0.8,25770,20.742,11.178,0.00539
SEA,2023,0.9,12361,21.562,9.903,0.00574
SEA,2023,1.0,11449,23.228,10.15,0.00742
SEA,2023,1.1,5380,23.508,10.15,0.00465
SEA,2023,1.2,141,25.511,4.028,0.0
SEA,2024,0.0,791,15.046,14.799,0.02023
SEA,2024,0.1,1474,16.827,15.71,0.01357
SEA,2024,0.2,5358,18.151,11.583,0.01512
SEA,2024,0.3,11438,19.116,13.283,0.01539
SEA,2024,0.4,14576,19.48,12.542,0.01749
SEA,2024,0.5,23372,20.393,13.059,0.01074
SEA,2024,0.6,23716,20.647,11.353,0.01075
SEA,2024,0.7,25442,21.303,12.461,0.00963
SEA,2024,0.8,26420,21.956,13.22,0.00961
SEA,2024,0.9,15181,23.181,12.632,0.00758
SEA,2024,1.0,8177,24.458,11.376,0.01015
SEA,2024,1.1,6734,25.842,11.084,0.00876
SEA,2024,1.2,1045,25.063,7.661,0.00287
SFO,2023,0.0,680,16.236,19.896,0.00882
SFO,2023,0.1,2226,16.559,11.794,0.01123
SFO,2023,0.2,7824,16.91,13.861,0.00997
SFO,2023,0.3,9017,17.468,15.113,0.01142
SFO,2023,0.4,17125,18.439,14.403,0.01074
SFO,2023,0.5,12725,19.737,13.686,0.01037
SFO,2023,0.6,15054,19.853,12.272,0.00976
SFO,2023,0.7,18433,20.551,16.444,0.01671
SFO,2023,0.8,18876,21.656,16.523,0.00943
SFO,2023,0.9,20632,21.619,15.035,0.00848
SFO,2023,1.0,9858,21.487,14.332,0.00974
SFO,2023,1.1,2801,23.297,9.05,0.00785
SFO,2023,1.2,454,23.641,9.151,0.01101
SFO,2024,0.0,573,16.391,13.426,0.00349
SFO,2024,0.1,2195,16.584,18.495,0.02232
SFO,2024,0.2,7501,17.387,19.641,0.01306
SFO,2024,0.3,10633,18.35,19.274,0.01364
SFO,2024,0.4,18587,18.784,17.83,0.0128
SFO,2024,0.5,16723,19.696,17.615,0.01202
SFO,2024,0.6,14061,20.656,16.428,0.01344
SFO,2024,0.7,20374,21.134,18.468,0.01526
SFO,2024,0.8,13218,20.349,16.461,0.01596
SFO,2024,0.9,20489,21.078,16.556,0.00893
SFO,2024,1.0,7784,22.41,15.575,0.00899
SFO,2024,1.1,1971,23.693,13.108,0.03298
SFO,2024,1.2,869,23.695,12.197,0.03567
SLC,2023,0.0,1033,17.644,17.839,0.01355
SLC,2023,0.1,3804,17.967,12.476,0.01472
SLC,2023,0.2,8714,19.399,10.991,0.00769
SLC,2023,0.3,8783,17.824,12.533,0.00797
SLC,2023,0.4,16103,17.844,14.011,0.00907
SLC,2023,0.5,11327,19.171,13.696,0.00768
SLC,2023,0.6,11151,18.072,9.894,0.00843
SLC,2023,0.7,14484,19.148,11.584,0.00753
SLC,2023,0.8,9720,17.835,13.156,0.00525
SLC,2023,0.9,6960,17.705,14.722,0.00618
SLC,2023,1.0,2956,18.283,10.747,0.00135
SLC,2023,1.1,3935,18.369,10.791,0.00508
SLC,2023,1.2,3891,19.256,9.678,0.00925
SLC,2023,1.3,5963,17.514,8.302,0.00285
SLC,2023,1.4,453,17.658,6.24,0.00662
SLC,2024,0.0,1048,18.651,13.339,0.00477
SLC,2024,0.1,4702,17.323,15.872,0.00659
SLC,2024,0.2,8672,18.389,11.129,0.00669
SLC,2024,0.3,9054,18.127,12.712,0.00707
SLC,2024,0.4,14866,17.328,14.0,0.00632
SLC,2024,0.5,7976,17.395,13.888,0.00552
SLC,2024,0.6,10245,18.395,14.538,0.01074
SLC,2024,0.7,13475,19.579,10.373,0.00527
SLC,2024,0.8,6935,18.742,9.139,0.0026
SLC,2024,0.9,10859,18.072,12.817,0.00534
SLC,2024,1.0,6387,17.538,16.061,0.00251
SLC,2024,1.1,2367,17.108,24.577,0.01563
SLC,2024,1.2,1139,21.579,12.099,0.00615
SLC,2024,1.3,4522,18.758,9.446,0.00464
SLC,2024,1.4,8529,18.105,10.156,0.00492
SLC,2024,1.5,2471,18.625,12.382,0.01214
TPA,2023,0.0,144,14.394,32.292,0.04861
TPA,2023,0.1,434,13.5,16.535,0.01382
TPA,2023,0.2,883,12.757,20.557,0.01472
TPA,2023,0.3,3222,13.49,22.133,0.03197
TPA,2023,0.4,7863,13.714,19.597,0.02009
TPA,2023,0.5,13630,14.636,18.191,0.01548
TPA,2023,0.6,16701,14.673,16.256,0.01407
TPA,2023,0.7,13435,14.558,16.064,0.01347
TPA,2023,0.8,8736,14.585,14.453,0.01145
TPA,2023,0.9,4083,14.916,13.987,0.01078
TPA,2023,1.0,1280,14.592,12.701,0.01094
TPA,2023,1.1,3178,14.367,9.251,0.00787
TPA,2023,1.2,3111,15.078,9.925,0.01736
TPA,2023,1.3,1472,14.895,8.066,0.02514
TPA,2023,1.4,462,16.171,9.677,0.0
TPA,2023,1.5,29,17.448,6.828,0.0
TPA,2024,0.0,249,13.606,18.888,0.03213
TPA,2024,0.1,791,13.51,20.593,0.02781
TPA,2024,0.2,1300,13.656,20.887,0.02154
TPA,2024,0.3,2691,13.54,17.674,0.03456
TPA,2024,0.4,5746,14.428,17.38,0.03446
TPA,2024,0.5,11502,14.772,18.192,0.02252
TPA,2024,0.6,15026,15.371,17.78,0.03288
TPA,2024,0.7,13719,15.822,20.525,0.02187
TPA,2024,0.8,9741,15.825,18.518,0.01776
TPA,2024,0.9,5749,16.226,17.403,0.01739
TPA,2024,1.0,2120,16.853,14.463,0.0283
TPA,2024,1.1,3886,14.945,10.224,0.0247
TPA,2024,1.2,3151,15.436,11.499,0.01269
TPA,2024,1.3,2217,15.946,11.791,0.0415
TPA,2024,1.4,571,17.118,12.016,0.03327
TPA,2024,1.5,58,13.764,4.891,0.05172
