airport,period,scheduled_departures,peak_hour_departures,mean_dep_delay_minutes,cancellation_share,mean_taxi_out,departures_above_p90,departures_above_p95,p90_hourly_departures,p95_hourly_departures,load
ATL,2023-01-01,26582,71.742,16.487,0.00888,16.037,130.0,22.0,68.0,73.0,0.9828
ATL,2023-02-01,24126,69.857,9.539,0.00518,15.407,67.0,1.0,68.0,73.0,0.9569
ATL,2023-03-01,28350,77.613,15.909,0.01104,15.958,458.0,239.0,68.0,73.0,1.0632
ATL,2023-04-01,27535,79.133,15.145,0.01464,15.896,516.0,216.0,68.0,73.0,1.084
ATL,2023-05-01,28740,77.581,11.632,0.00341,15.226,488.0,152.0,68.0,73.0,1.0627
ATL,2023-06-01,28685,77.633,21.083,0.013,16.935,594.0,210.0,68.0,73.0,1.0635
ATL,2023-07-01,29919,78.323,21.352,0.01377,17.041,583.0,249.0,68.0,73.0,1.0729
ATL,2023-08-01,29431,78.0,19.174,0.02195,17.402,430.0,181.0,68.0,73.0,1.0685
ATL,2023-09-01,28344,77.4,9.873,0.00303,15.463,514.0,186.0,68.0,73.0,1.0603
ATL,2023-10-01,29251,78.129,7.641,0.00144,15.455,655.0,224.0,68.0,73.0,1.0703
ATL,2023-11-01,27473,79.033,6.448,0.00036,15.254,551.0,256.0,68.0,73.0,1.0826
ATL,2023-12-01,28027,79.097,8.539,0.00086,15.515,598.0,248.0,68.0,73.0,1.0835
ATL,2024-01-01,26315,76.452,14.876,0.01034,16.435,431.0,163.0,68.0,73.0,1.0473
ATL,2024-02-01,24821,79.0,7.224,0.00085,15.714,478.0,206.0,68.0,73.0,1.0822
ATL,2024-03-01,28459,78.645,11.618,0.00271,16.062,778.0,281.0,68.0,73.0,1.0773
ATL,2024-04-01,28419,79.667,11.408,0.00201,16.399,697.0,278.0,68.0,73.0,1.0913
ATL,2024-05-01,29870,84.742,17.973,0.00579,17.184,1045.0,532.0,68.0,73.0,1.1608
ATL,2024-06-01,29361,80.9,13.828,0.00487,16.285,881.0,378.0,68.0,73.0,1.1082
ATL,2024-07-01,30072,81.129,32.624,0.05912,18.808,898.0,429.0,68.0,73.0,1.1114
ATL,2024-08-01,29480,78.871,14.609,0.01035,16.43,607.0,263.0,68.0,73.0,1.0804
ATL,2024-09-01,28247,76.5,10.603,0.00832,15.752,456.0,153.0,68.0,73.0,1.0479
ATL,2024-10-01,29837,83.839,6.957,0.00858,15.541,860.0,490.0,68.0,73.0,1.1485
ATL,2024-11-01,28015,83.133,7.821,0.00082,16.187,821.0,425.0,68.0,73.0,1.1388
ATL,2024-12-01,29014,85.516,14.617,0.00241,16.835,972.0,573.0,68.0,73.0,1.1715
AUS,2023-01-01,7425,20.871,15.891,0.03313,14.955,81.0,30.0,19.0,20.0,1.0435
AUS,2023-02-01,6763,21.321,14.505,0.03992,15.104,92.0,42.0,19.0,20.0,1.0661
AUS,2023-03-01,7820,21.419,15.15,0.011,14.56,118.0,52.0,19.0,20.0,1.071
AUS,2023-04-01,7438,19.4,18.923,0.0164,14.833,27.0,9.0,19.0,20.0,0.97
AUS,2023-05-01,7877,19.419,14.342,0.00609,14.422,29.0,7.0,19.0,20.0,0.971
AUS,2023-06-01,7728,20.6,22.461,0.01281,14.399,109.0,42.0,19.0,20.0,1.03
AUS,2023-07-01,8059,20.452,18.791,0.01253,13.799,77.0,31.0,19.0,20.0,1.0226
AUS,2023-08-01,8137,21.226,16.508,0.01106,14.322,135.0,66.0,19.0,20.0,1.0613
AUS,2023-09-01,7831,21.067,16.94,0.00843,15.203,157.0,86.0,19.0,20.0,1.0533
AUS,2023-10-01,8357,21.161,14.34,0.00215,15.163,157.0,67.0,19.0,20.0,1.0581
AUS,2023-11-01,7714,20.867,11.738,0.00104,15.11,99.0,49.0,19.0,20.0,1.0433
AUS,2023-12-01,7664,21.387,11.22,0.00261,15.211,128.0,57.0,19.0,20.0,1.0694
AUS,2024-01-01,6692,20.419,19.444,0.03347,15.723,86.0,42.0,19.0,20.0,1.021
AUS,2024-02-01,5873,19.793,9.704,0.00358,14.551,47.0,18.0,19.0,20.0,0.9897
AUS,2024-03-01,7154,20.097,16.455,0.00713,15.091,59.0,33.0,19.0,20.0,1.0048
AUS,2024-04-01,7304,21.033,16.938,0.00548,15.028,95.0,50.0,19.0,20.0,1.0517
AUS,2024-05-01,7852,22.161,31.664,0.01541,15.835,124.0,80.0,19.0,20.0,1.1081
AUS,2024-06-01,7551,20.067,21.825,0.00728,13.865,71.0,23.0,19.0,20.0,1.0033
AUS,2024-07-01,7754,20.774,27.341,0.02076,14.016,102.0,39.0,19.0,20.0,1.0387
AUS,2024-08-01,7157,20.742,16.711,0.00922,13.536,118.0,65.0,19.0,20.0,1.0371
AUS,2024-09-01,6816,20.433,9.468,0.00308,16.023,96.0,40.0,19.0,20.0,1.0217
AUS,2024-10-01,7398,20.903,9.671,0.00581,15.661,104.0,48.0,19.0,20.0,1.0452
AUS,2024-11-01,6861,20.867,11.137,0.00423,15.988,89.0,52.0,19.0,20.0,1.0433
AUS,2024-12-01,6932,20.581,17.156,0.00418,15.515,79.0,37.0,19.0,20.0,1.029
BNA,2023-01-01,7590,23.452,14.884,0.02332,14.817,124.0,28.0,21.0,23.0,1.0196
BNA,2023-02-01,6971,24.179,10.475,0.01736,15.353,143.0,34.0,21.0,23.0,1.0512
BNA,2023-03-01,8002,25.129,16.523,0.01587,15.543,248.0,100.0,21.0,23.0,1.0926
BNA,2023-04-01,7780,25.267,16.013,0.01234,14.957,212.0,87.0,21.0,23.0,1.0986
BNA,2023-05-01,8253,22.903,12.884,0.00727,15.558,98.0,21.0,21.0,23.0,0.9958
BNA,2023-06-01,7981,23.0,21.389,0.01666,15.929,72.0,9.0,21.0,23.0,1.0
BNA,2023-07-01,8322,27.032,23.003,0.02151,15.092,220.0,131.0,21.0,23.0,1.1753
BNA,2023-08-01,8203,24.839,13.287,0.01231,14.855,144.0,70.0,21.0,23.0,1.0799
BNA,2023-09-01,8064,25.5,13.021,0.0098,15.061,208.0,87.0,21.0,23.0,1.1087
BNA,2023-10-01,8923,27.161,10.888,0.00303,15.29,337.0,163.0,21.0,23.0,1.1809
BNA,2023-11-01,8161,27.4,9.636,0.00061,16.181,257.0,139.0,21.0,23.0,1.1913
BNA,2023-12-01,8239,25.452,12.239,0.0034,15.919,172.0,85.0,21.0,23.0,1.1066
BNA,2024-01-01,7556,23.871,21.206,0.06908,17.876,143.0,67.0,21.0,23.0,1.0379
BNA,2024-02-01,7010,23.655,8.564,0.00243,15.518,134.0,59.0,21.0,23.0,1.0285
BNA,2024-03-01,8287,23.806,13.54,0.007,15.069,100.0,40.0,21.0,23.0,1.0351
BNA,2024-04-01,8282,24.667,12.7,0.00386,13.997,215.0,80.0,21.0,23.0,1.0725
BNA,2024-05-01,8811,27.0,23.699,0.00874,14.863,397.0,189.0,21.0,23.0,1.1739
BNA,2024-06-01,8899,26.7,19.2,0.01034,14.753,279.0,132.0,21.0,23.0,1.1609
BNA,2024-07-01,9145,27.419,21.691,0.0175,14.882,300.0,158.0,21.0,23.0,1.1921
BNA,2024-08-01,8770,26.065,15.066,0.01722,16.084,332.0,148.0,21.0,23.0,1.1332
BNA,2024-09-01,8290,26.233,10.442,0.00495,16.129,300.0,137.0,21.0,23.0,1.1406
BNA,2024-10-01,8985,27.871,8.285,0.00768,15.954,404.0,206.0,21.0,23.0,1.2118
BNA,2024-11-01,8114,23.733,8.52,0.00246,15.557,129.0,28.0,21.0,23.0,1.0319
BNA,2024-12-01,8071,25.161,13.839,0.00421,16.31,221.0,102.0,21.0,23.0,1.094
BOS,2023-01-01,10871,36.645,16.369,0.01444,22.562,181.0,81.0,31.0,35.0,1.047
BOS,2023-02-01,10594,35.786,17.076,0.02256,22.095,177.0,53.0,31.0,35.0,1.0224
BOS,2023-03-01,12339,33.71,16.23,0.02456,20.334,222.0,10.0,31.0,35.0,0.9631
BOS,2023-04-01,12069,36.067,16.456,0.014,18.818,220.0,75.0,31.0,35.0,1.0305
BOS,2023-05-01,12428,37.258,12.626,0.00402,20.069,376.0,165.0,31.0,35.0,1.0645
BOS,2023-06-01,11781,40.333,22.393,0.02657,20.212,444.0,176.0,31.0,35.0,1.1524
BOS,2023-07-01,12133,41.516,32.19,0.05192,22.681,514.0,243.0,31.0,35.0,1.1862
BOS,2023-08-01,12389,42.677,21.05,0.0138,21.712,515.0,272.0,31.0,35.0,1.2194
BOS,2023-09-01,11742,38.733,24.644,0.03313,18.61,494.0,182.0,31.0,35.0,1.1067
BOS,2023-10-01,12369,40.645,12.704,0.00154,19.139,598.0,233.0,31.0,35.0,1.1613
BOS,2023-11-01,11142,37.533,10.027,0.00099,18.804,322.0,132.0,31.0,35.0,1.0724
BOS,2023-12-01,10660,39.871,14.348,0.00779,19.033,296.0,156.0,31.0,35.0,1.1392
BOS,2024-01-01,10134,38.323,19.434,0.03207,22.062,234.0,106.0,31.0,35.0,1.0949
BOS,2024-02-01,10118,37.621,10.67,0.01077,19.318,268.0,91.0,31.0,35.0,1.0749
BOS,2024-03-01,11324,38.258,13.16,0.00556,18.72,407.0,115.0,31.0,35.0,1.0931
BOS,2024-04-01,11591,41.167,14.493,0.01035,19.78,604.0,270.0,31.0,35.0,1.1762
BOS,2024-05-01,12659,39.516,17.145,0.00703,19.175,502.0,223.0,31.0,35.0,1.129
BOS,2024-06-01,12568,41.767,19.207,0.0156,21.393,592.0,311.0,31.0,35.0,1.1933
BOS,2024-07-01,12953,42.774,22.19,0.02856,21.473,652.0,377.0,31.0,35.0,1.2221
BOS,2024-08-01,13215,44.839,22.712,0.03693,21.95,698.0,434.0,31.0,35.0,1.2811
BOS,2024-09-01,12359,39.033,12.011,0.00388,19.356,506.0,208.0,31.0,35.0,1.1152
BOS,2024-10-01,13035,39.613,8.823,0.00759,20.897,587.0,250.0,31.0,35.0,1.1318
BOS,2024-11-01,11756,39.133,9.735,0.00068,20.469,495.0,180.0,31.0,35.0,1.1181
BOS,2024-12-01,11778,35.645,18.337,0.01409,22.431,252.0,75.0,31.0,35.0,1.0184
BWI,2023-01-01,7393,26.226,14.301,0.01407,13.442,148.0,21.0,23.0,26.0,1.0087
BWI,2023-02-01,6681,26.571,10.473,0.00943,13.507,146.0,29.0,23.0,26.0,1.022
BWI,2023-03-01,7591,31.839,15.772,0.01001,13.849,327.0,187.0,23.0,26.0,1.2246
BWI,2023-04-01,7795,29.867,22.413,0.01437,14.378,316.0,136.0,23.0,26.0,1.1487
BWI,2023-05-01,8316,29.484,13.69,0.00349,13.644,339.0,132.0,23.0,26.0,1.134
BWI,2023-06-01,8010,28.6,23.894,0.01648,14.99,206.0,86.0,23.0,26.0,1.1
BWI,2023-07-01,8471,27.29,30.754,0.01794,15.854,260.0,60.0,23.0,26.0,1.0496
BWI,2023-08-01,8507,26.548,19.915,0.0181,14.701,252.0,36.0,23.0,26.0,1.0211
BWI,2023-09-01,8012,27.233,15.325,0.01498,15.211,223.0,100.0,23.0,26.0,1.0474
BWI,2023-10-01,8784,26.806,13.209,0.00285,14.075,221.0,73.0,23.0,26.0,1.031
BWI,2023-11-01,8293,30.433,10.572,0.00096,13.926,282.0,137.0,23.0,26.0,1.1705
BWI,2023-12-01,8418,29.774,15.478,0.00558,14.319,246.0,120.0,23.0,26.0,1.1452
BWI,2024-01-01,7551,26.065,18.252,0.03629,16.616,116.0,46.0,23.0,26.0,1.0025
BWI,2024-02-01,6894,25.517,9.27,0.00261,14.129,99.0,27.0,23.0,26.0,0.9814
BWI,2024-03-01,8076,29.452,18.007,0.00706,14.31,286.0,147.0,23.0,26.0,1.1328
BWI,2024-04-01,8230,27.733,15.785,0.00644,14.643,211.0,72.0,23.0,26.0,1.0667
BWI,2024-05-01,8654,27.484,20.975,0.00601,14.89,204.0,68.0,23.0,26.0,1.0571
BWI,2024-06-01,8779,28.233,20.876,0.01048,15.04,290.0,100.0,23.0,26.0,1.0859
BWI,2024-07-01,9069,27.839,29.239,0.01632,16.431,307.0,94.0,23.0,26.0,1.0707
BWI,2024-08-01,8940,28.323,23.802,0.02584,17.071,319.0,101.0,23.0,26.0,1.0893
BWI,2024-09-01,8273,28.0,10.609,0.00568,14.811,275.0,78.0,23.0,26.0,1.0769
BWI,2024-10-01,8402,28.129,9.722,0.0144,14.308,275.0,88.0,23.0,26.0,1.0819
BWI,2024-11-01,7796,26.333,9.016,0.00128,14.4,152.0,44.0,23.0,26.0,1.0128
BWI,2024-12-01,7908,26.323,15.033,0.00303,14.522,169.0,72.0,23.0,26.0,1.0124
CLT,2023-01-01,15170,59.355,14.7,0.01365,20.502,140.0,39.0,57.0,59.0,1.006
CLT,2023-02-01,14234,61.286,10.401,0.00527,19.736,158.0,64.0,57.0,59.0,1.0387
CLT,2023-03-01,16457,62.065,13.911,0.00687,20.448,300.0,110.0,57.0,59.0,1.0519
CLT,2023-04-01,15674,60.833,17.728,0.00829,20.111,142.0,63.0,57.0,59.0,1.0311
CLT,2023-05-01,16121,58.129,13.769,0.00217,19.822,61.0,3.0,57.0,59.0,0.9852
CLT,2023-06-01,16674,61.633,25.319,0.01751,20.894,263.0,108.0,57.0,59.0,1.0446
CLT,2023-07-01,16976,64.323,29.843,0.02115,21.101,370.0,210.0,57.0,59.0,1.0902
CLT,2023-08-01,17319,60.548,25.309,0.02061,20.359,176.0,58.0,57.0,59.0,1.0262
CLT,2023-09-01,16175,61.733,15.491,0.00958,20.993,270.0,116.0,57.0,59.0,1.0463
CLT,2023-10-01,17372,60.355,10.783,0.00144,20.36,181.0,67.0,57.0,59.0,1.023
CLT,2023-11-01,16708,59.967,10.263,0.00036,19.911,126.0,48.0,57.0,59.0,1.0164
CLT,2023-12-01,16220,56.968,13.105,0.00166,20.309,43.0,16.0,57.0,59.0,0.9656
CLT,2024-01-01,16378,60.258,20.353,0.01838,19.832,146.0,55.0,57.0,59.0,1.0213
CLT,2024-02-01,15768,60.69,10.403,0.00165,20.381,155.0,61.0,57.0,59.0,1.0286
CLT,2024-03-01,17400,61.161,17.182,0.00351,20.724,157.0,76.0,57.0,59.0,1.0366
CLT,2024-04-01,18144,63.533,17.09,0.00485,21.457,470.0,288.0,57.0,59.0,1.0768
CLT,2024-05-01,19203,61.903,29.397,0.01359,22.294,359.0,177.0,57.0,59.0,1.0492
CLT,2024-06-01,18712,64.467,25.199,0.01667,21.349,519.0,334.0,57.0,59.0,1.0927
CLT,2024-07-01,19043,63.935,45.1,0.03686,22.258,462.0,265.0,57.0,59.0,1.0837
CLT,2024-08-01,19150,63.097,26.657,0.03222,21.868,242.0,138.0,57.0,59.0,1.0694
CLT,2024-09-01,18658,65.133,16.983,0.01978,22.369,310.0,201.0,57.0,59.0,1.104
CLT,2024-10-01,19752,69.194,12.505,0.00876,23.049,809.0,583.0,57.0,59.0,1.1728
CLT,2024-11-01,17515,67.267,8.672,0.00046,22.348,375.0,279.0,57.0,59.0,1.1401
CLT,2024-12-01,17832,62.323,17.397,0.00331,21.801,243.0,142.0,57.0,59.0,1.0563
DAL,2023-01-01,5986,15.29,14.038,0.05246,11.968,16.0,2.0,15.0,16.0,0.9556
DAL,2023-02-01,5444,15.857,8.525,0.04849,12.437,31.0,10.0,15.0,16.0,0.9911
DAL,2023-03-01,6188,16.871,13.646,0.01568,12.506,81.0,28.0,15.0,16.0,1.0544
DAL,2023-04-01,5922,16.267,15.357,0.02634,12.61,65.0,13.0,15.0,16.0,1.0167
DAL,2023-05-01,6176,16.645,13.379,0.00648,11.554,80.0,25.0,15.0,16.0,1.0403
DAL,2023-06-01,6256,17.5,23.356,0.01087,12.637,178.0,86.0,15.0,16.0,1.0938
DAL,2023-07-01,6506,17.742,16.742,0.00523,11.897,215.0,128.0,15.0,16.0,1.1089
DAL,2023-08-01,6611,18.0,10.984,0.00908,11.344,221.0,121.0,15.0,16.0,1.125
DAL,2023-09-01,6221,17.333,11.286,0.00402,12.463,145.0,55.0,15.0,16.0,1.0833
DAL,2023-10-01,6591,17.194,11.818,0.00486,12.427,124.0,47.0,15.0,16.0,1.0746
DAL,2023-11-01,6307,17.8,8.96,0.00174,12.054,142.0,61.0,15.0,16.0,1.1125
DAL,2023-12-01,6549,18.0,9.66,0.00351,11.752,147.0,70.0,15.0,16.0,1.125
DAL,2024-01-01,6037,17.032,14.753,0.03528,12.724,86.0,36.0,15.0,16.0,1.0645
DAL,2024-02-01,5522,16.724,8.358,0.00145,11.861,68.0,25.0,15.0,16.0,1.0453
DAL,2024-03-01,6272,17.032,14.787,0.00749,12.776,111.0,45.0,15.0,16.0,1.0645
DAL,2024-04-01,6080,16.933,18.418,0.00954,12.578,113.0,47.0,15.0,16.0,1.0583
DAL,2024-05-01,6207,16.806,28.23,0.03238,13.914,109.0,37.0,15.0,16.0,1.0504
DAL,2024-06-01,6275,17.5,19.48,0.00335,12.49,128.0,54.0,15.0,16.0,1.0938
DAL,2024-07-01,6447,17.548,19.292,0.00791,12.01,134.0,56.0,15.0,16.0,1.0968
DAL,2024-08-01,5891,17.032,11.902,0.00526,13.087,82.0,40.0,15.0,16.0,1.0645
DAL,2024-09-01,5602,16.9,8.724,0.00286,14.722,68.0,34.0,15.0,16.0,1.0562
DAL,2024-10-01,6140,17.355,7.922,0.00603,14.317,111.0,72.0,15.0,16.0,1.0847
DAL,2024-11-01,5973,17.4,10.868,0.00954,13.076,82.0,46.0,15.0,16.0,1.0875
DAL,2024-12-01,6228,17.355,22.824,0.00739,13.057,94.0,53.0,15.0,16.0,1.0847
DCA,2023-01-01,11772,35.677,11.997,0.01699,20.661,206.0,86.0,32.0,34.0,1.0493
DCA,2023-02-01,11082,36.107,9.289,0.0111,20.888,192.0,82.0,32.0,34.0,1.062
DCA,2023-03-01,12338,38.161,10.327,0.00956,22.173,268.0,135.0,32.0,34.0,1.1224
DCA,2023-04-01,11688,38.733,13.999,0.01908,21.47,224.0,143.0,32.0,34.0,1.1392
DCA,2023-05-01,12202,38.323,10.109,0.00303,21.0,235.0,142.0,32.0,34.0,1.1271
DCA,2023-06-01,11455,36.267,19.898,0.02855,21.79,181.0,83.0,32.0,34.0,1.0667
DCA,2023-07-01,11566,35.581,26.414,0.0434,21.921,172.0,58.0,32.0,34.0,1.0465
DCA,2023-08-01,11912,36.484,16.234,0.01998,21.456,200.0,94.0,32.0,34.0,1.0731
DCA,2023-09-01,11513,38.3,15.193,0.02354,21.814,227.0,132.0,32.0,34.0,1.1265
DCA,2023-10-01,12110,38.194,9.037,0.00058,20.339,212.0,140.0,32.0,34.0,1.1233
DCA,2023-11-01,11353,39.3,8.416,0.0015,19.633,304.0,183.0,32.0,34.0,1.1559
DCA,2023-12-01,11014,37.419,12.724,0.0049,19.754,225.0,117.0,32.0,34.0,1.1006
DCA,2024-01-01,11486,36.355,19.666,0.05694,21.912,165.0,77.0,32.0,34.0,1.0693
DCA,2024-02-01,11298,37.483,9.564,0.00398,20.021,216.0,114.0,32.0,34.0,1.1024
DCA,2024-03-01,11970,38.258,13.752,0.00434,20.406,280.0,166.0,32.0,34.0,1.1252
DCA,2024-04-01,11546,38.6,14.939,0.00641,20.418,273.0,150.0,32.0,34.0,1.1353
DCA,2024-05-01,11965,38.258,19.801,0.00836,21.655,312.0,170.0,32.0,34.0,1.1252
DCA,2024-06-01,11457,38.567,18.169,0.01519,20.589,299.0,186.0,32.0,34.0,1.1343
DCA,2024-07-01,11948,39.258,26.534,0.03264,22.099,364.0,250.0,32.0,34.0,1.1546
DCA,2024-08-01,11874,39.419,22.289,0.03807,21.702,302.0,179.0,32.0,34.0,1.1594
DCA,2024-09-01,11546,41.3,10.204,0.00745,21.018,331.0,219.0,32.0,34.0,1.2147
DCA,2024-10-01,12035,41.419,8.833,0.0069,19.983,379.0,268.0,32.0,34.0,1.2182
DCA,2024-11-01,11545,36.133,9.749,0.00147,20.636,216.0,108.0,32.0,34.0,1.0627
DCA,2024-12-01,11346,36.129,18.573,0.00837,20.797,201.0,105.0,32.0,34.0,1.0626
DEN,2023-01-01,22460,73.484,21.65,0.035,21.245,444.0,24.0,66.0,76.0,0.9669
DEN,2023-02-01,20653,76.214,16.839,0.02169,18.175,488.0,32.0,66.0,76.0,1.0028
DEN,2023-03-01,23694,80.452,16.177,0.00785,17.858,738.0,173.0,66.0,76.0,1.0586
DEN,2023-04-01,22735,78.433,17.002,0.01306,17.21,586.0,95.0,66.0,76.0,1.032
DEN,2023-05-01,23997,79.129,19.373,0.01138,16.654,727.0,133.0,66.0,76.0,1.0412
DEN,2023-06-01,24185,78.667,28.556,0.02973,17.081,659.0,128.0,66.0,76.0,1.0351
DEN,2023-07-01,25684,80.581,29.215,0.02648,17.078,781.0,167.0,66.0,76.0,1.0603
DEN,2023-08-01,26308,82.258,18.57,0.01129,17.429,907.0,256.0,66.0,76.0,1.0823
DEN,2023-09-01,24738,85.6,13.897,0.00461,17.109,1126.0,418.0,66.0,76.0,1.1263
DEN,2023-10-01,25543,80.935,13.186,0.00388,18.304,917.0,194.0,66.0,76.0,1.0649
DEN,2023-11-01,23934,77.2,9.719,0.00134,17.327,585.0,56.0,66.0,76.0,1.0158
DEN,2023-12-01,25054,78.065,11.076,0.00379,17.703,565.0,73.0,66.0,76.0,1.0272
DEN,2024-01-01,23361,77.839,18.668,0.04242,17.847,802.0,85.0,66.0,76.0,1.0242
DEN,2024-02-01,21759,78.828,16.089,0.00942,21.265,799.0,108.0,66.0,76.0,1.0372
DEN,2024-03-01,24976,79.677,14.067,0.02082,18.711,841.0,119.0,66.0,76.0,1.0484
DEN,2024-04-01,24657,82.867,14.271,0.00402,18.646,1003.0,236.0,66.0,76.0,1.0904
DEN,2024-05-01,26368,83.097,20.811,0.00804,17.772,1319.0,363.0,66.0,76.0,1.0934
DEN,2024-06-01,27585,88.267,20.442,0.00765,18.445,2023.0,712.0,66.0,76.0,1.1614
DEN,2024-07-01,28401,87.323,20.874,0.01595,17.448,1701.0,591.0,66.0,76.0,1.149
DEN,2024-08-01,27334,87.226,19.149,0.00721,18.64,1820.0,607.0,66.0,76.0,1.1477
DEN,2024-09-01,26146,88.367,10.511,0.00199,17.363,1802.0,690.0,66.0,76.0,1.1627
DEN,2024-10-01,26929,84.419,9.064,0.00401,16.965,1618.0,463.0,66.0,76.0,1.1108
DEN,2024-11-01,25224,83.6,12.37,0.01392,21.347,1272.0,348.0,66.0,76.0,1.1
DEN,2024-12-01,25905,86.097,12.045,0.00332,16.999,1355.0,408.0,66.0,76.0,1.1329
DFW,2023-01-01,20502,75.839,14.299,0.03624,19.406,489.0,127.0,64.0,72.0,1.0533
DFW,2023-02-01,19910,74.107,16.352,0.04395,18.642,341.0,59.0,64.0,72.0,1.0293
DFW,2023-03-01,22583,78.226,21.349,0.02214,18.788,661.0,193.0,64.0,72.0,1.0865
DFW,2023-04-01,22870,72.333,19.061,0.02759,19.339,432.0,33.0,64.0,72.0,1.0046
DFW,2023-05-01,23900,74.613,18.867,0.00958,19.41,534.0,89.0,64.0,72.0,1.0363
DFW,2023-06-01,24996,77.167,27.655,0.01528,21.482,460.0,155.0,64.0,72.0,1.0718
DFW,2023-07-01,26010,75.387,24.621,0.00888,19.483,429.0,105.0,64.0,72.0,1.047
DFW,2023-08-01,26370,79.871,23.262,0.00868,18.881,574.0,247.0,64.0,72.0,1.1093
DFW,2023-09-01,24533,85.833,16.24,0.00624,20.881,1164.0,564.0,64.0,72.0,1.1921
DFW,2023-10-01,25786,87.677,14.885,0.01485,20.248,1404.0,804.0,64.0,72.0,1.2177
DFW,2023-11-01,24070,85.3,10.338,0.00158,20.169,1069.0,571.0,64.0,72.0,1.1847
DFW,2023-12-01,23714,82.097,10.199,0.00084,19.085,912.0,425.0,64.0,72.0,1.1402
DFW,2024-01-01,23570,82.29,23.081,0.02775,20.666,1056.0,527.0,64.0,72.0,1.1429
DFW,2024-02-01,22679,82.655,10.413,0.00101,18.644,1066.0,514.0,64.0,72.0,1.148
DFW,2024-03-01,25567,87.935,22.432,0.01709,19.809,1353.0,658.0,64.0,72.0,1.2213
DFW,2024-04-01,24911,81.267,21.067,0.02256,19.953,1328.0,532.0,64.0,72.0,1.1287
DFW,2024-05-01,27111,84.903,36.912,0.06355,21.654,1667.0,827.0,64.0,72.0,1.1792
DFW,2024-06-01,27690,83.833,28.088,0.01795,19.977,1627.0,611.0,64.0,72.0,1.1644
DFW,2024-07-01,29084,89.0,30.318,0.01791,20.019,1938.0,859.0,64.0,72.0,1.2361
DFW,2024-08-01,27900,91.871,21.24,0.01007,19.13,1970.0,1049.0,64.0,72.0,1.276
DFW,2024-09-01,26198,92.467,12.069,0.0029,20.959,1931.0,1006.0,64.0,72.0,1.2843
DFW,2024-10-01,27861,96.452,11.625,0.00348,19.113,2111.0,1168.0,64.0,72.0,1.3396
DFW,2024-11-01,25197,84.1,15.066,0.01707,19.616,1578.0,701.0,64.0,72.0,1.1681
DFW,2024-12-01,25814,79.742,22.523,0.02076,19.15,1186.0,453.0,64.0,72.0,1.1075
DTW,2023-01-01,9905,36.645,15.338,0.00959,20.609,195.0,8.0,33.0,37.0,0.9904
DTW,2023-02-01,9141,37.75,12.87,0.02254,17.697,170.0,27.0,33.0,37.0,1.0203
DTW,2023-03-01,10889,38.774,14.48,0.0248,18.145,209.0,62.0,33.0,37.0,1.048
DTW,2023-04-01,10389,39.167,12.376,0.01463,16.241,213.0,67.0,33.0,37.0,1.0586
DTW,2023-05-01,10680,36.613,7.528,0.00346,15.28,177.0,10.0,33.0,37.0,0.9895
DTW,2023-06-01,10524,43.567,17.953,0.01606,15.703,407.0,201.0,33.0,37.0,1.1775
DTW,2023-07-01,10999,46.129,20.61,0.01818,16.207,542.0,295.0,33.0,37.0,1.2467
DTW,2023-08-01,11211,48.387,18.908,0.01677,15.721,611.0,365.0,33.0,37.0,1.3078
DTW,2023-09-01,10819,46.067,11.148,0.011,16.068,525.0,285.0,33.0,37.0,1.245
DTW,2023-10-01,11213,44.548,8.317,0.00196,15.343,545.0,247.0,33.0,37.0,1.204
DTW,2023-11-01,10320,43.4,7.242,0.00019,17.726,606.0,257.0,33.0,37.0,1.173
DTW,2023-12-01,9982,41.065,8.95,0.0016,16.522,380.0,137.0,33.0,37.0,1.1099
DTW,2024-01-01,9473,47.548,25.798,0.0342,23.776,915.0,578.0,33.0,37.0,1.2851
DTW,2024-02-01,9097,50.414,7.88,0.00176,17.287,1109.0,750.0,33.0,37.0,1.3625
DTW,2024-03-01,10760,50.935,11.898,0.00251,17.105,1419.0,891.0,33.0,37.0,1.3766
DTW,2024-04-01,10770,44.333,11.58,0.00427,16.937,1034.0,523.0,33.0,37.0,1.1982
DTW,2024-05-01,11294,44.097,15.263,0.00487,17.222,1146.0,641.0,33.0,37.0,1.1918
DTW,2024-06-01,11408,45.3,18.891,0.0064,16.96,846.0,389.0,33.0,37.0,1.2243
DTW,2024-07-01,11751,45.129,23.553,0.0411,16.641,757.0,342.0,33.0,37.0,1.2197
DTW,2024-08-01,11834,46.935,18.369,0.01513,16.431,865.0,424.0,33.0,37.0,1.2685
DTW,2024-09-01,11165,46.067,8.151,0.00278,15.743,648.0,326.0,33.0,37.0,1.245
DTW,2024-10-01,11731,46.194,8.177,0.00469,16.353,806.0,401.0,33.0,37.0,1.2485
DTW,2024-11-01,10986,43.467,8.98,0.001,18.621,700.0,316.0,33.0,37.0,1.1748
DTW,2024-12-01,11098,44.516,17.042,0.00487,20.156,753.0,349.0,33.0,37.0,1.2031
EWR,2023-01-01,11623,31.323,17.789,0.01058,22.526,124.0,57.0,28.0,30.0,1.0441
EWR,2023-02-01,10991,33.464,14.925,0.01092,23.397,295.0,156.0,28.0,30.0,1.1155
EWR,2023-03-01,12593,33.903,16.912,0.01064,24.659,417.0,204.0,28.0,30.0,1.1301
EWR,2023-04-01,12022,30.767,23.867,0.03702,25.045,218.0,38.0,28.0,30.0,1.0256
EWR,2023-05-01,12371,31.935,14.691,0.00356,23.347,222.0,72.0,28.0,30.0,1.0645
EWR,2023-06-01,11339,30.3,34.96,0.08475,25.283,78.0,23.0,28.0,30.0,1.01
EWR,2023-07-01,11646,30.419,37.613,0.1057,27.499,110.0,24.0,28.0,30.0,1.014
EWR,2023-08-01,11561,30.129,15.962,0.01548,24.102,81.0,11.0,28.0,30.0,1.0043
EWR,2023-09-01,11373,32.933,18.525,0.04924,24.836,265.0,133.0,28.0,30.0,1.0978
EWR,2023-10-01,11805,32.452,7.911,0.00169,22.186,266.0,99.0,28.0,30.0,1.0817
EWR,2023-11-01,10737,29.533,8.277,0.00075,21.244,76.0,7.0,28.0,30.0,0.9844
EWR,2023-12-01,10517,27.613,11.089,0.00114,21.199,24.0,3.0,28.0,30.0,0.9204
EWR,2024-01-01,10176,27.581,15.914,0.06938,22.003,19.0,0.0,28.0,30.0,0.9194
EWR,2024-02-01,9893,28.655,9.231,0.01253,20.814,36.0,2.0,28.0,30.0,0.9552
EWR,2024-03-01,10697,29.323,14.964,0.00608,21.554,45.0,5.0,28.0,30.0,0.9774
EWR,2024-04-01,10729,29.2,16.143,0.01361,23.81,59.0,2.0,28.0,30.0,0.9733
EWR,2024-05-01,11358,30.097,17.865,0.01321,24.146,138.0,29.0,28.0,30.0,1.0032
EWR,2024-06-01,10768,31.167,24.496,0.03622,25.36,148.0,50.0,28.0,30.0,1.0389
EWR,2024-07-01,11102,31.29,32.584,0.04963,28.642,139.0,50.0,28.0,30.0,1.043
EWR,2024-08-01,10861,30.613,25.803,0.07283,26.311,115.0,35.0,28.0,30.0,1.0204
EWR,2024-09-01,10572,32.333,10.568,0.00851,25.025,155.0,75.0,28.0,30.0,1.0778
EWR,2024-10-01,11260,32.452,10.982,0.01146,23.762,205.0,107.0,28.0,30.0,1.0817
EWR,2024-11-01,10698,29.0,15.494,0.00308,24.897,58.0,2.0,28.0,30.0,0.9667
EWR,2024-12-01,10865,28.806,17.661,0.0069,24.854,36.0,0.0,28.0,30.0,0.9602
FLL,2023-01-01,7600,27.452,23.623,0.01355,17.06,285.0,139.0,20.0,23.0,1.1935
FLL,2023-02-01,7133,28.071,16.258,0.00631,16.95,334.0,149.0,20.0,23.0,1.2205
FLL,2023-03-01,8570,25.742,22.859,0.01027,18.428,407.0,147.0,20.0,23.0,1.1192
FLL,2023-04-01,8071,25.767,35.184,0.08462,20.47,344.0,129.0,20.0,23.0,1.1203
FLL,2023-05-01,7426,25.355,19.591,0.00593,17.2,241.0,85.0,20.0,23.0,1.1024
FLL,2023-06-01,6890,22.833,40.194,0.03222,19.727,129.0,32.0,20.0,23.0,0.9928
FLL,2023-07-01,7137,23.194,37.395,0.0248,18.508,118.0,36.0,20.0,23.0,1.0084
FLL,2023-08-01,7024,21.29,30.421,0.01837,18.506,60.0,8.0,20.0,23.0,0.9257
FLL,2023-09-01,6571,22.833,20.803,0.01294,17.377,95.0,18.0,20.0,23.0,0.9928
FLL,2023-10-01,7290,25.065,15.453,0.00316,16.992,206.0,72.0,20.0,23.0,1.0898
FLL,2023-11-01,7683,24.933,19.724,0.0013,16.246,304.0,112.0,20.0,23.0,1.0841
FLL,2023-12-01,8440,25.548,21.413,0.0045,17.162,373.0,141.0,20.0,23.0,1.1108
FLL,2024-01-01,8460,26.097,22.217,0.03132,18.227,491.0,210.0,20.0,23.0,1.1346
FLL,2024-02-01,8111,27.138,18.104,0.00555,17.63,550.0,235.0,20.0,23.0,1.1799
FLL,2024-03-01,9235,26.903,28.095,0.01505,19.466,670.0,240.0,20.0,23.0,1.1697
FLL,2024-04-01,8299,27.133,18.09,0.00904,16.575,446.0,189.0,20.0,23.0,1.1797
FLL,2024-05-01,7892,26.161,21.601,0.00862,17.295,388.0,134.0,20.0,23.0,1.1374
FLL,2024-06-01,7290,25.1,22.741,0.04047,18.0,232.0,69.0,20.0,23.0,1.0913
FLL,2024-07-01,7391,24.806,26.797,0.02868,17.353,181.0,56.0,20.0,23.0,1.0785
FLL,2024-08-01,6885,25.387,26.547,0.035,18.059,173.0,79.0,20.0,23.0,1.1038
FLL,2024-09-01,6037,21.8,13.082,0.00596,19.62,97.0,14.0,20.0,23.0,0.9478
FLL,2024-10-01,6766,22.71,10.411,0.0102,16.492,117.0,38.0,20.0,23.0,0.9874
FLL,2024-11-01,7305,24.667,9.998,0.00137,15.266,302.0,113.0,20.0,23.0,1.0725
FLL,2024-12-01,8219,25.419,19.206,0.00535,16.971,379.0,141.0,20.0,23.0,1.1052
IAH,2023-01-01,9123,36.581,20.562,0.01282,19.92,465.0,134.0,29.0,33.0,1.1085
IAH,2023-02-01,8653,42.107,13.9,0.00786,19.384,530.0,264.0,29.0,33.0,1.276
IAH,2023-03-01,9726,42.226,16.199,0.00565,19.693,489.0,290.0,29.0,33.0,1.2796
IAH,2023-04-01,8753,38.633,24.402,0.0144,19.849,343.0,169.0,29.0,33.0,1.1707
IAH,2023-05-01,9395,37.839,23.374,0.01629,18.337,346.0,150.0,29.0,33.0,1.1466
IAH,2023-06-01,9385,40.6,28.477,0.03175,18.724,448.0,232.0,29.0,33.0,1.2303
IAH,2023-07-01,9775,39.839,26.195,0.01913,17.585,544.0,301.0,29.0,33.0,1.2072
IAH,2023-08-01,9786,42.194,15.544,0.0092,17.955,579.0,330.0,29.0,33.0,1.2786
IAH,2023-09-01,9283,41.367,15.196,0.0056,18.828,424.0,256.0,29.0,33.0,1.2535
IAH,2023-10-01,9918,43.355,13.151,0.00434,20.278,491.0,321.0,29.0,33.0,1.3138
IAH,2023-11-01,9019,42.533,8.856,0.00044,19.966,465.0,292.0,29.0,33.0,1.2889
IAH,2023-12-01,9076,42.774,10.402,0.00077,18.793,518.0,308.0,29.0,33.0,1.2962
IAH,2024-01-01,8933,40.742,23.132,0.06291,20.687,493.0,246.0,29.0,33.0,1.2346
IAH,2024-02-01,8464,40.345,9.736,0.00248,19.25,488.0,243.0,29.0,33.0,1.2226
IAH,2024-03-01,9557,39.161,18.795,0.00638,19.13,449.0,199.0,29.0,33.0,1.1867
IAH,2024-04-01,9288,40.067,15.541,0.00463,19.786,364.0,212.0,29.0,33.0,1.2141
IAH,2024-05-01,10125,41.065,39.652,0.03358,20.91,526.0,258.0,29.0,33.0,1.2444
IAH,2024-06-01,10028,42.067,26.644,0.01336,19.747,647.0,320.0,29.0,33.0,1.2747
IAH,2024-07-01,10383,42.71,38.423,0.07705,20.411,577.0,306.0,29.0,33.0,1.2942
IAH,2024-08-01,10284,42.065,19.676,0.01468,18.682,671.0,306.0,29.0,33.0,1.2747
IAH,2024-09-01,9502,39.7,11.251,0.00589,19.012,753.0,390.0,29.0,33.0,1.203
IAH,2024-10-01,10228,41.129,10.519,0.00508,18.796,984.0,512.0,29.0,33.0,1.2463
IAH,2024-11-01,9576,38.433,11.231,0.00219,20.141,632.0,274.0,29.0,33.0,1.1646
IAH,2024-12-01,9572,39.806,20.142,0.01181,20.132,616.0,281.0,29.0,33.0,1.2063
JFK,2023-01-01,10918,32.129,18.777,0.00742,24.136,327.0,122.0,27.0,30.0,1.071
JFK,2023-02-01,10567,33.321,14.886,0.01372,23.755,376.0,146.0,27.0,30.0,1.1107
JFK,2023-03-01,12158,34.548,18.26,0.01423,26.172,451.0,178.0,27.0,30.0,1.1516
JFK,2023-04-01,11638,33.5,22.091,0.03076,27.696,353.0,147.0,27.0,30.0,1.1167
JFK,2023-05-01,11822,33.258,13.149,0.00431,24.697,236.0,109.0,27.0,30.0,1.1086
JFK,2023-06-01,11014,31.767,24.223,0.04712,29.24,195.0,58.0,27.0,30.0,1.0589
JFK,2023-07-01,11188,31.097,35.008,0.08116,30.96,207.0,39.0,27.0,30.0,1.0366
JFK,2023-08-01,11130,29.323,20.235,0.01734,28.56,102.0,7.0,27.0,30.0,0.9774
JFK,2023-09-01,10760,31.133,23.746,0.0527,28.122,211.0,61.0,27.0,30.0,1.0378
JFK,2023-10-01,10920,31.871,12.245,0.00064,25.096,256.0,72.0,27.0,30.0,1.0624
JFK,2023-11-01,10520,32.3,10.339,0.00038,22.899,266.0,89.0,27.0,30.0,1.0767
JFK,2023-12-01,10413,31.774,13.904,0.00471,23.535,207.0,75.0,27.0,30.0,1.0591
JFK,2024-01-01,9471,27.935,17.019,0.02935,24.443,35.0,2.0,27.0,30.0,0.9312
JFK,2024-02-01,9242,27.966,12.137,0.01331,22.71,65.0,0.0,27.0,30.0,0.9322
JFK,2024-03-01,10153,29.29,17.035,0.00699,23.484,96.0,6.0,27.0,30.0,0.9763
JFK,2024-04-01,10152,29.467,14.55,0.00975,25.615,78.0,6.0,27.0,30.0,0.9822
JFK,2024-05-01,10627,31.581,16.948,0.00837,26.684,284.0,71.0,27.0,30.0,1.0527
JFK,2024-06-01,10455,30.7,21.161,0.03434,28.435,198.0,36.0,27.0,30.0,1.0233
JFK,2024-07-01,10870,31.194,27.893,0.03937,30.361,183.0,39.0,27.0,30.0,1.0398
JFK,2024-08-01,10862,32.161,23.986,0.06444,32.494,210.0,67.0,27.0,30.0,1.072
JFK,2024-09-01,10376,32.4,9.955,0.00231,27.202,285.0,96.0,27.0,30.0,1.08
JFK,2024-10-01,10732,33.29,7.595,0.00634,24.48,263.0,102.0,27.0,30.0,1.1097
JFK,2024-11-01,10140,33.0,7.559,0.0003,23.284,256.0,106.0,27.0,30.0,1.1
JFK,2024-12-01,10268,30.065,18.008,0.00497,25.944,161.0,46.0,27.0,30.0,1.0022
LAS,2023-01-01,15792,39.258,18.564,0.01843,17.585,231.0,98.0,35.0,38.0,1.0331
LAS,2023-02-01,14116,37.929,18.732,0.01644,17.417,120.0,53.0,35.0,38.0,0.9981
LAS,2023-03-01,15890,38.161,20.257,0.00969,18.387,217.0,76.0,35.0,38.0,1.0042
LAS,2023-04-01,15802,38.133,20.607,0.01968,17.472,167.0,48.0,35.0,38.0,1.0035
LAS,2023-05-01,16205,36.806,17.805,0.00963,19.367,88.0,10.0,35.0,38.0,0.9686
LAS,2023-06-01,15535,37.633,20.493,0.01101,18.575,151.0,38.0,35.0,38.0,0.9904
LAS,2023-07-01,15879,35.548,25.447,0.01404,19.188,64.0,10.0,35.0,38.0,0.9355
LAS,2023-08-01,15939,36.774,18.52,0.02497,18.622,114.0,13.0,35.0,38.0,0.9677
LAS,2023-09-01,16110,40.7,16.452,0.01049,19.674,447.0,175.0,35.0,38.0,1.0711
LAS,2023-10-01,17503,43.677,14.312,0.00428,19.559,633.0,292.0,35.0,38.0,1.1494
LAS,2023-11-01,16234,41.567,10.0,0.00277,18.101,416.0,181.0,35.0,38.0,1.0939
LAS,2023-12-01,15872,40.452,10.86,0.00221,17.058,306.0,134.0,35.0,38.0,1.0645
LAS,2024-01-01,14942,40.419,14.123,0.02503,16.86,359.0,177.0,35.0,38.0,1.0637
LAS,2024-02-01,14070,41.931,13.566,0.00782,17.406,401.0,222.0,35.0,38.0,1.1034
LAS,2024-03-01,16062,40.065,19.782,0.0094,17.616,281.0,127.0,35.0,38.0,1.0543
LAS,2024-04-01,15579,39.3,14.175,0.00302,17.646,290.0,121.0,35.0,38.0,1.0342
LAS,2024-05-01,16345,39.935,17.802,0.00673,17.688,313.0,125.0,35.0,38.0,1.0509
LAS,2024-06-01,15699,37.367,19.394,0.0065,18.96,139.0,31.0,35.0,38.0,0.9833
LAS,2024-07-01,16285,38.355,26.126,0.02647,18.722,183.0,50.0,35.0,38.0,1.0093
LAS,2024-08-01,16089,41.0,17.128,0.00833,18.648,494.0,207.0,35.0,38.0,1.0789
LAS,2024-09-01,15672,43.0,12.889,0.00313,19.346,641.0,327.0,35.0,38.0,1.1316
LAS,2024-10-01,17195,45.839,10.448,0.00349,19.103,933.0,529.0,35.0,38.0,1.2063
LAS,2024-11-01,15733,44.1,9.729,0.00229,16.788,511.0,245.0,35.0,38.0,1.1605
LAS,2024-12-01,15581,41.355,12.987,0.00424,16.557,377.0,158.0,35.0,38.0,1.0883
LAX,2023-01-01,15424,49.71,15.348,0.01076,17.516,451.0,191.0,37.0,44.0,1.1298
LAX,2023-02-01,13973,52.214,18.125,0.01524,16.874,455.0,230.0,37.0,44.0,1.1867
LAX,2023-03-01,15910,55.613,16.25,0.01025,17.259,677.0,360.0,37.0,44.0,1.2639
LAX,2023-04-01,15660,53.233,13.252,0.01194,16.755,540.0,277.0,37.0,44.0,1.2098
LAX,2023-05-01,16736,52.032,12.106,0.0049,17.054,569.0,249.0,37.0,44.0,1.1826
LAX,2023-06-01,16779,54.867,17.976,0.01311,16.782,702.0,333.0,37.0,44.0,1.247
LAX,2023-07-01,17523,53.806,18.469,0.01119,17.018,725.0,312.0,37.0,44.0,1.2229
LAX,2023-08-01,17683,53.806,15.723,0.0095,17.815,861.0,351.0,37.0,44.0,1.2229
LAX,2023-09-01,16152,54.067,12.151,0.00539,18.144,761.0,320.0,37.0,44.0,1.2288
LAX,2023-10-01,16823,51.71,11.106,0.00244,18.301,778.0,249.0,37.0,44.0,1.1752
LAX,2023-11-01,15742,50.433,8.455,0.00133,18.471,662.0,197.0,37.0,44.0,1.1462
LAX,2023-12-01,15948,51.161,10.753,0.00182,19.243,637.0,223.0,37.0,44.0,1.1628
LAX,2024-01-01,15228,47.548,13.08,0.03093,18.127,475.0,112.0,37.0,44.0,1.0806
LAX,2024-02-01,14154,46.759,12.982,0.00466,18.587,464.0,94.0,37.0,44.0,1.0627
LAX,2024-03-01,15916,45.323,15.047,0.0044,19.621,446.0,47.0,37.0,44.0,1.0301
LAX,2024-04-01,15718,49.033,13.734,0.00274,19.52,523.0,158.0,37.0,44.0,1.1144
LAX,2024-05-01,16587,55.323,17.102,0.00549,19.459,670.0,351.0,37.0,44.0,1.2573
LAX,2024-06-01,16676,58.567,15.909,0.00612,20.042,790.0,440.0,37.0,44.0,1.3311
LAX,2024-07-01,17518,57.355,18.792,0.0242,19.044,900.0,468.0,37.0,44.0,1.3035
LAX,2024-08-01,17177,53.645,13.456,0.00763,17.618,836.0,356.0,37.0,44.0,1.2192
LAX,2024-09-01,15969,49.9,10.054,0.00213,17.463,577.0,193.0,37.0,44.0,1.1341
LAX,2024-10-01,16856,49.387,8.898,0.00303,18.879,682.0,235.0,37.0,44.0,1.1224
LAX,2024-11-01,15759,52.033,9.931,0.00235,17.52,723.0,305.0,37.0,44.0,1.1826
LAX,2024-12-01,16495,51.097,13.287,0.0037,18.052,669.0,260.0,37.0,44.0,1.1613
LGA,2023-01-01,13479,36.032,15.945,0.02211,23.711,221.0,85.0,34.0,36.0,1.0009
LGA,2023-02-01,13203,36.929,13.96,0.02325,24.926,194.0,84.0,34.0,36.0,1.0258
LGA,2023-03-01,14763,37.581,14.104,0.01903,24.268,264.0,104.0,34.0,36.0,1.0439
LGA,2023-04-01,13816,37.233,16.861,0.02063,23.141,235.0,104.0,34.0,36.0,1.0343
LGA,2023-05-01,14517,36.129,8.596,0.004,22.877,157.0,29.0,34.0,36.0,1.0036
LGA,2023-06-01,13568,36.033,22.282,0.06375,24.715,95.0,37.0,34.0,36.0,1.0009
LGA,2023-07-01,13377,34.903,26.19,0.08702,25.921,64.0,32.0,34.0,36.0,0.9695
LGA,2023-08-01,14074,36.452,14.577,0.02089,23.162,125.0,45.0,34.0,36.0,1.0125
LGA,2023-09-01,13372,35.167,19.735,0.0602,26.199,96.0,35.0,34.0,36.0,0.9769
LGA,2023-10-01,13861,36.387,8.519,0.00166,21.233,137.0,67.0,34.0,36.0,1.0108
LGA,2023-11-01,13264,36.333,7.278,0.00075,22.189,115.0,54.0,34.0,36.0,1.0093
LGA,2023-12-01,12432,34.742,11.009,0.0078,21.23,72.0,25.0,34.0,36.0,0.9651
LGA,2024-01-01,12700,33.419,18.021,0.04583,23.124,33.0,0.0,34.0,36.0,0.9283
LGA,2024-02-01,12644,33.138,11.551,0.02056,22.454,17.0,0.0,34.0,36.0,0.9205
LGA,2024-03-01,13366,33.194,12.544,0.00374,21.494,10.0,0.0,34.0,36.0,0.922
LGA,2024-04-01,13515,34.933,13.177,0.01413,22.317,82.0,8.0,34.0,36.0,0.9704
LGA,2024-05-01,14093,35.516,17.479,0.01611,23.465,117.0,19.0,34.0,36.0,0.9866
LGA,2024-06-01,13562,36.233,19.612,0.0348,24.304,131.0,32.0,34.0,36.0,1.0065
LGA,2024-07-01,14343,36.516,25.384,0.05375,26.682,179.0,58.0,34.0,36.0,1.0143
LGA,2024-08-01,14136,36.806,22.446,0.07675,27.201,194.0,65.0,34.0,36.0,1.0224
LGA,2024-09-01,13549,35.667,7.519,0.00421,23.019,127.0,39.0,34.0,36.0,0.9907
LGA,2024-10-01,14154,35.0,8.204,0.00636,22.286,124.0,13.0,34.0,36.0,0.9722
LGA,2024-11-01,13365,35.267,7.675,0.0012,21.687,86.0,40.0,34.0,36.0,0.9796
LGA,2024-12-01,13005,34.194,15.667,0.00346,23.439,67.0,30.0,34.0,36.0,0.9498
MCO,2023-01-01,13333,36.806,20.217,0.0171,17.66,144.0,65.0,33.0,35.0,1.0516
MCO,2023-02-01,12400,37.643,14.599,0.00798,17.48,153.0,78.0,33.0,35.0,1.0755
MCO,2023-03-01,14593,37.871,23.383,0.01473,19.602,238.0,109.0,33.0,35.0,1.082
MCO,2023-04-01,14085,38.1,23.823,0.01569,19.391,273.0,131.0,33.0,35.0,1.0886
MCO,2023-05-01,13983,38.258,19.259,0.00544,18.474,241.0,118.0,33.0,35.0,1.0931
MCO,2023-06-01,13216,36.633,35.852,0.02694,21.147,184.0,67.0,33.0,35.0,1.0467
MCO,2023-07-01,13770,37.065,39.538,0.02912,22.315,223.0,95.0,33.0,35.0,1.059
MCO,2023-08-01,13360,35.387,26.943,0.01699,18.246,114.0,38.0,33.0,35.0,1.0111
MCO,2023-09-01,12265,34.533,22.148,0.01321,18.403,105.0,39.0,33.0,35.0,0.9867
MCO,2023-10-01,13927,35.355,12.333,0.00574,17.199,116.0,38.0,33.0,35.0,1.0101
MCO,2023-11-01,14325,38.867,12.568,0.00161,18.077,300.0,157.0,33.0,35.0,1.1105
MCO,2023-12-01,15112,38.161,15.427,0.00337,18.161,346.0,163.0,33.0,35.0,1.0903
MCO,2024-01-01,14296,38.581,20.122,0.02924,19.337,297.0,152.0,33.0,35.0,1.1023
MCO,2024-02-01,13577,36.931,12.626,0.00302,18.232,239.0,103.0,33.0,35.0,1.0552
MCO,2024-03-01,15650,37.129,23.771,0.01534,20.971,303.0,106.0,33.0,35.0,1.0608
MCO,2024-04-01,14178,38.0,15.884,0.01136,17.079,199.0,100.0,33.0,35.0,1.0857
MCO,2024-05-01,13837,36.032,22.039,0.00889,18.638,130.0,46.0,33.0,35.0,1.0295
MCO,2024-06-01,13175,36.467,26.06,0.01146,18.493,142.0,55.0,33.0,35.0,1.0419
MCO,2024-07-01,13337,36.742,30.996,0.02609,19.915,192.0,73.0,33.0,35.0,1.0498
MCO,2024-08-01,12173,35.742,24.738,0.03089,19.041,136.0,71.0,33.0,35.0,1.0212
MCO,2024-09-01,10764,32.3,9.937,0.00446,18.076,20.0,10.0,33.0,35.0,0.9229
MCO,2024-10-01,12289,33.065,8.975,0.0756,16.456,53.0,14.0,33.0,35.0,0.9447
MCO,2024-11-01,12656,35.333,9.235,0.00213,16.697,135.0,55.0,33.0,35.0,1.0095
MCO,2024-12-01,13621,37.581,16.939,0.00352,17.195,265.0,140.0,33.0,35.0,1.0737
MDW,2023-01-01,6498,24.806,17.391,0.04448,15.779,251.0,126.0,19.0,21.0,1.1813
MDW,2023-02-01,5850,25.429,9.576,0.02957,13.279,226.0,127.0,19.0,21.0,1.2109
MDW,2023-03-01,7071,23.581,13.654,0.01584,14.17,225.0,106.0,19.0,21.0,1.1229
MDW,2023-04-01,6829,24.367,18.024,0.01054,12.856,207.0,107.0,19.0,21.0,1.1603
MDW,2023-05-01,7336,24.484,12.371,0.00245,12.744,198.0,109.0,19.0,21.0,1.1659
MDW,2023-06-01,7337,21.467,18.74,0.00709,13.285,75.0,19.0,19.0,21.0,1.0222
MDW,2023-07-01,7942,21.452,28.554,0.01851,14.479,147.0,23.0,19.0,21.0,1.0215
MDW,2023-08-01,7890,22.774,16.426,0.01217,13.618,275.0,81.0,19.0,21.0,1.0845
MDW,2023-09-01,7109,22.233,12.96,0.00619,14.141,151.0,46.0,19.0,21.0,1.0587
MDW,2023-10-01,7653,22.258,12.168,0.00065,13.86,168.0,55.0,19.0,21.0,1.0599
MDW,2023-11-01,6745,21.467,8.89,0.00104,13.588,120.0,24.0,19.0,21.0,1.0222
MDW,2023-12-01,6836,20.968,14.957,0.0275,13.697,96.0,6.0,19.0,21.0,0.9985
MDW,2024-01-01,5886,21.613,17.796,0.08342,16.718,144.0,51.0,19.0,21.0,1.0292
MDW,2024-02-01,5236,20.862,7.75,0.00191,12.909,129.0,45.0,19.0,21.0,0.9934
MDW,2024-03-01,6684,21.258,14.156,0.00658,12.997,108.0,24.0,19.0,21.0,1.0123
MDW,2024-04-01,6791,21.6,13.228,0.00265,12.983,104.0,31.0,19.0,21.0,1.0286
MDW,2024-05-01,6973,22.258,22.074,0.00645,14.206,145.0,48.0,19.0,21.0,1.0599
MDW,2024-06-01,7537,24.967,21.346,0.00398,13.89,380.0,200.0,19.0,21.0,1.1889
MDW,2024-07-01,7884,25.323,21.957,0.01319,13.713,464.0,249.0,19.0,21.0,1.2058
MDW,2024-08-01,7199,24.419,15.089,0.0082,14.521,423.0,224.0,19.0,21.0,1.1628
MDW,2024-09-01,6849,24.4,8.501,0.00321,13.986,398.0,210.0,19.0,21.0,1.1619
MDW,2024-10-01,6744,25.258,8.005,0.0086,12.769,354.0,198.0,19.0,21.0,1.2028
MDW,2024-11-01,5901,24.0,10.021,0.00339,13.578,228.0,122.0,19.0,21.0,1.1429
MDW,2024-12-01,5949,23.968,13.862,0.00487,14.236,205.0,104.0,19.0,21.0,1.1413
MIA,2023-01-01,8697,29.387,17.268,0.01196,19.174,284.0,64.0,23.0,28.0,1.0495
MIA,2023-02-01,8001,31.036,15.454,0.00537,19.255,262.0,85.0,23.0,28.0,1.1084
MIA,2023-03-01,8936,25.71,20.063,0.0056,20.567,117.0,0.0,23.0,28.0,0.9182
MIA,2023-04-01,8478,33.0,26.166,0.01227,22.622,541.0,249.0,23.0,28.0,1.1786
MIA,2023-05-01,8649,35.29,19.539,0.00335,20.204,444.0,241.0,23.0,28.0,1.2604
MIA,2023-06-01,8211,33.867,36.268,0.03349,23.62,494.0,185.0,23.0,28.0,1.2095
MIA,2023-07-01,8623,35.968,33.312,0.0218,22.299,562.0,264.0,23.0,28.0,1.2846
MIA,2023-08-01,8505,35.419,26.656,0.01728,22.117,530.0,237.0,23.0,28.0,1.265
MIA,2023-09-01,7554,31.6,22.037,0.01138,22.536,369.0,109.0,23.0,28.0,1.1286
MIA,2023-10-01,8159,32.032,11.765,0.00306,20.203,526.0,207.0,23.0,28.0,1.144
MIA,2023-11-01,8861,35.033,12.365,0.00034,19.342,558.0,244.0,23.0,28.0,1.2512
MIA,2023-12-01,9861,37.194,15.67,0.00101,22.078,676.0,312.0,23.0,28.0,1.3283
MIA,2024-01-01,10214,37.548,22.402,0.02526,22.673,808.0,383.0,23.0,28.0,1.341
MIA,2024-02-01,9548,37.759,16.05,0.00251,21.58,817.0,397.0,23.0,28.0,1.3485
MIA,2024-03-01,10533,38.581,28.681,0.02146,23.018,932.0,455.0,23.0,28.0,1.3779
MIA,2024-04-01,9590,35.133,17.839,0.00803,19.575,685.0,329.0,23.0,28.0,1.2548
MIA,2024-05-01,9503,31.29,26.539,0.00958,19.933,500.0,142.0,23.0,28.0,1.1175
MIA,2024-06-01,8553,33.633,34.7,0.04583,21.94,398.0,171.0,23.0,28.0,1.2012
MIA,2024-07-01,8733,32.387,32.402,0.02095,21.163,359.0,136.0,23.0,28.0,1.1567
MIA,2024-08-01,8459,31.968,32.57,0.04149,21.613,489.0,184.0,23.0,28.0,1.1417
MIA,2024-09-01,7603,32.9,12.426,0.00829,20.431,338.0,154.0,23.0,28.0,1.175
MIA,2024-10-01,8299,30.935,10.526,0.0188,17.249,369.0,93.0,23.0,28.0,1.1048
MIA,2024-11-01,8972,34.233,11.021,0.00123,18.032,515.0,218.0,23.0,28.0,1.2226
MIA,2024-12-01,9937,34.323,18.259,0.00463,22.157,841.0,333.0,23.0,28.0,1.2258
MSP,2023-01-01,9470,33.387,16.361,0.02999,25.391,146.0,78.0,29.0,31.0,1.077
MSP,2023-02-01,8637,31.964,11.944,0.04458,20.456,97.0,40.0,29.0,31.0,1.0311
MSP,2023-03-01,10303,33.774,12.361,0.01631,20.812,251.0,114.0,29.0,31.0,1.0895
MSP,2023-04-01,9930,35.133,11.351,0.01742,16.627,291.0,143.0,29.0,31.0,1.1333
MSP,2023-05-01,10244,37.226,6.572,0.00361,14.628,387.0,218.0,29.0,31.0,1.2008
MSP,2023-06-01,10470,31.4,13.339,0.01184,15.082,112.0,29.0,29.0,31.0,1.0129
MSP,2023-07-01,11138,31.742,15.874,0.01095,15.418,180.0,60.0,29.0,31.0,1.0239
MSP,2023-08-01,11271,32.742,11.977,0.00586,14.958,200.0,71.0,29.0,31.0,1.0562
MSP,2023-09-01,10226,33.3,10.65,0.0045,15.561,253.0,119.0,29.0,31.0,1.0742
MSP,2023-10-01,10650,33.484,8.943,0.00085,15.695,287.0,152.0,29.0,31.0,1.0801
MSP,2023-11-01,9776,31.867,6.192,0.00051,16.658,137.0,47.0,29.0,31.0,1.028
MSP,2023-12-01,9904,31.097,8.436,0.00464,19.438,85.0,21.0,29.0,31.0,1.0031
MSP,2024-01-01,9438,36.613,17.0,0.01854,21.549,278.0,196.0,29.0,31.0,1.1811
MSP,2024-02-01,8806,39.655,8.526,0.00329,18.767,348.0,267.0,29.0,31.0,1.2792
MSP,2024-03-01,10253,38.419,11.673,0.01053,18.733,320.0,230.0,29.0,31.0,1.2393
MSP,2024-04-01,10260,39.933,8.999,0.00185,15.907,396.0,292.0,29.0,31.0,1.2882
MSP,2024-05-01,10850,39.774,13.058,0.00332,16.008,553.0,368.0,29.0,31.0,1.283
MSP,2024-06-01,11265,35.133,21.075,0.00497,20.061,367.0,221.0,29.0,31.0,1.1333
MSP,2024-07-01,11786,33.323,25.203,0.04124,18.717,327.0,138.0,29.0,31.0,1.0749
MSP,2024-08-01,11736,33.129,15.491,0.00673,18.842,339.0,145.0,29.0,31.0,1.0687
MSP,2024-09-01,10687,33.6,6.488,0.00178,17.039,291.0,151.0,29.0,31.0,1.0839
MSP,2024-10-01,11050,34.516,6.121,0.00416,15.985,340.0,186.0,29.0,31.0,1.1134
MSP,2024-11-01,10177,34.433,7.214,0.00088,18.49,246.0,134.0,29.0,31.0,1.1108
MSP,2024-12-01,10471,32.161,16.297,0.00573,24.209,128.0,62.0,29.0,31.0,1.0375
ORD,2023-01-01,20086,76.258,16.247,0.01399,24.535,714.0,240.0,64.0,71.0,1.0741
ORD,2023-02-01,19329,78.75,13.908,0.01707,20.955,726.0,324.0,64.0,71.0,1.1092
ORD,2023-03-01,21905,78.968,13.803,0.01529,22.359,827.0,340.0,64.0,71.0,1.1122
ORD,2023-04-01,21185,72.933,17.16,0.02025,21.48,562.0,96.0,64.0,71.0,1.0272
ORD,2023-05-01,21932,74.677,11.575,0.00246,21.265,546.0,155.0,64.0,71.0,1.0518
ORD,2023-06-01,22073,72.567,21.179,0.02098,21.756,468.0,91.0,64.0,71.0,1.0221
ORD,2023-07-01,22796,75.161,26.232,0.03101,23.13,663.0,220.0,64.0,71.0,1.0586
ORD,2023-08-01,23347,76.613,17.274,0.01285,23.007,706.0,202.0,64.0,71.0,1.0791
ORD,2023-09-01,22384,75.1,15.098,0.0063,23.303,559.0,142.0,64.0,71.0,1.0577
ORD,2023-10-01,22812,77.516,10.079,0.00224,22.598,594.0,234.0,64.0,71.0,1.0918
ORD,2023-11-01,20354,84.767,9.495,0.00103,21.883,697.0,428.0,64.0,71.0,1.1939
ORD,2023-12-01,20664,75.677,10.21,0.00194,23.144,406.0,154.0,64.0,71.0,1.0659
ORD,2024-01-01,20321,69.935,25.896,0.06988,25.013,229.0,65.0,64.0,71.0,0.985
ORD,2024-02-01,19553,71.621,9.422,0.00281,21.116,337.0,49.0,64.0,71.0,1.0087
ORD,2024-03-01,22288,76.161,12.372,0.0044,22.103,437.0,180.0,64.0,71.0,1.0727
ORD,2024-04-01,23646,81.8,13.74,0.00359,22.628,1016.0,436.0,64.0,71.0,1.1521
ORD,2024-05-01,24845,82.194,29.706,0.0167,24.969,1273.0,566.0,64.0,71.0,1.1577
ORD,2024-06-01,24207,86.833,24.584,0.01446,24.498,1404.0,800.0,64.0,71.0,1.223
ORD,2024-07-01,24531,83.355,27.426,0.02609,24.697,1055.0,522.0,64.0,71.0,1.174
ORD,2024-08-01,25500,86.129,23.012,0.01384,25.155,1188.0,648.0,64.0,71.0,1.2131
ORD,2024-09-01,24847,85.3,10.948,0.0027,23.689,1224.0,607.0,64.0,71.0,1.2014
ORD,2024-10-01,25211,78.71,9.165,0.00405,23.03,860.0,313.0,64.0,71.0,1.1086
ORD,2024-11-01,22435,72.5,10.95,0.00294,23.878,452.0,107.0,64.0,71.0,1.0211
ORD,2024-12-01,22668,71.839,16.947,0.00591,24.322,509.0,169.0,64.0,71.0,1.0118
PHL,2023-01-01,7015,34.516,12.942,0.0114,18.424,495.0,195.0,24.0,29.0,1.1902
PHL,2023-02-01,6062,32.429,9.81,0.00528,18.437,251.0,106.0,24.0,29.0,1.1182
PHL,2023-03-01,6878,32.323,12.55,0.00785,18.621,264.0,109.0,24.0,29.0,1.1146
PHL,2023-04-01,7254,35.233,15.634,0.01186,19.208,484.0,199.0,24.0,29.0,1.2149
PHL,2023-05-01,7251,32.355,12.87,0.00469,18.347,498.0,136.0,24.0,29.0,1.1157
PHL,2023-06-01,7759,30.7,23.422,0.02668,21.223,395.0,59.0,24.0,29.0,1.0586
PHL,2023-07-01,8309,31.548,28.877,0.03599,23.735,397.0,89.0,24.0,29.0,1.0879
PHL,2023-08-01,8378,30.871,21.058,0.01755,20.516,396.0,79.0,24.0,29.0,1.0645
PHL,2023-09-01,8331,29.5,18.149,0.02149,21.66,378.0,36.0,24.0,29.0,1.0172
PHL,2023-10-01,8449,30.194,12.181,0.00249,18.546,452.0,62.0,24.0,29.0,1.0412
PHL,2023-11-01,7338,32.3,10.249,0.00095,18.236,275.0,111.0,24.0,29.0,1.1138
PHL,2023-12-01,7047,27.129,13.545,0.00298,18.549,128.0,21.0,24.0,29.0,0.9355
PHL,2024-01-01,6943,28.097,20.433,0.02636,22.882,131.0,29.0,24.0,29.0,0.9689
PHL,2024-02-01,6558,27.931,10.676,0.00259,18.863,136.0,10.0,24.0,29.0,0.9631
PHL,2024-03-01,7470,28.677,16.147,0.00736,17.307,193.0,29.0,24.0,29.0,0.9889
PHL,2024-04-01,7893,33.9,14.93,0.00595,19.25,375.0,147.0,24.0,29.0,1.169
PHL,2024-05-01,8740,31.226,19.856,0.00904,20.318,446.0,74.0,24.0,29.0,1.0768
PHL,2024-06-01,9374,35.033,23.838,0.02763,21.218,845.0,297.0,24.0,29.0,1.208
PHL,2024-07-01,9968,36.452,30.864,0.03672,22.77,1090.0,448.0,24.0,29.0,1.257
PHL,2024-08-01,10241,36.516,29.005,0.04863,25.087,1246.0,551.0,24.0,29.0,1.2592
PHL,2024-09-01,9023,36.033,11.563,0.00477,23.054,937.0,472.0,24.0,29.0,1.2425
PHL,2024-10-01,9363,35.419,10.695,0.00951,21.42,782.0,320.0,24.0,29.0,1.2214
PHL,2024-11-01,7598,26.167,10.32,0.00145,18.499,142.0,35.0,24.0,29.0,0.9023
PHL,2024-12-01,7464,27.161,18.397,0.00456,20.878,132.0,6.0,24.0,29.0,0.9366
PHX,2023-01-01,14613,41.032,13.035,0.01163,14.97,251.0,34.4,36.0,41.05,0.9996
PHX,2023-02-01,13700,45.071,13.451,0.0127,16.026,283.0,112.7,36.0,41.05,1.098
PHX,2023-03-01,15557,46.613,16.505,0.00881,15.186,448.0,173.5,36.0,41.05,1.1355
PHX,2023-04-01,14928,45.667,14.187,0.00764,14.569,375.0,138.5,36.0,41.05,1.1125
PHX,2023-05-01,14621,47.806,12.401,0.00308,14.41,459.0,209.5,36.0,41.05,1.1646
PHX,2023-06-01,13355,49.433,16.744,0.00629,14.112,405.0,251.5,36.0,41.05,1.2042
PHX,2023-07-01,14037,49.968,22.359,0.00869,14.159,437.0,284.5,36.0,41.05,1.2172
PHX,2023-08-01,14304,53.968,16.217,0.01307,15.086,557.0,400.5,36.0,41.05,1.3147
PHX,2023-09-01,14285,51.5,11.144,0.00301,15.112,597.0,332.2,36.0,41.05,1.2546
PHX,2023-10-01,15503,49.71,11.483,0.00148,15.498,574.0,292.8,36.0,41.05,1.211
PHX,2023-11-01,15792,48.167,8.537,0.00063,16.02,899.0,374.4,36.0,41.05,1.1734
PHX,2023-12-01,15996,47.0,9.585,0.00219,16.309,815.0,321.9,36.0,41.05,1.1449
PHX,2024-01-01,15378,48.194,14.577,0.02048,15.91,675.0,308.1,36.0,41.05,1.174
PHX,2024-02-01,14823,46.31,9.471,0.00175,16.255,604.0,206.2,36.0,41.05,1.1281
PHX,2024-03-01,17375,47.613,14.704,0.00472,16.683,830.0,305.9,36.0,41.05,1.1599
PHX,2024-04-01,16531,47.267,12.826,0.0026,15.446,871.0,290.6,36.0,41.05,1.1514
PHX,2024-05-01,16741,46.419,17.597,0.00663,15.209,854.0,259.7,36.0,41.05,1.1308
PHX,2024-06-01,15326,49.667,16.462,0.00476,15.66,630.0,289.7,36.0,41.05,1.2099
PHX,2024-07-01,15733,49.194,21.857,0.01608,15.059,660.0,298.2,36.0,41.05,1.1984
PHX,2024-08-01,15416,50.645,14.961,0.00701,15.837,800.0,417.9,36.0,41.05,1.2337
PHX,2024-09-01,15081,50.7,9.567,0.00199,15.743,887.0,449.2,36.0,41.05,1.2351
PHX,2024-10-01,16978,46.419,10.327,0.00247,16.07,912.0,305.5,36.0,41.05,1.1308
PHX,2024-11-01,16827,49.867,9.663,0.00244,15.646,1392.0,683.4,36.0,41.05,1.2148
PHX,2024-12-01,17342,51.871,12.737,0.00311,16.228,1332.0,629.8,36.0,41.05,1.2636
SAN,2023-01-01,6983,21.226,14.264,0.01919,18.911,49.0,6.0,20.0,22.0,0.9648
SAN,2023-02-01,6328,21.357,14.075,0.01106,18.023,50.0,9.0,20.0,22.0,0.9708
SAN,2023-03-01,7374,22.516,14.879,0.00909,19.458,123.0,26.0,20.0,22.0,1.0235
SAN,2023-04-01,7319,23.667,13.574,0.01093,19.279,197.0,76.0,20.0,22.0,1.0758
SAN,2023-05-01,7765,23.032,11.204,0.00644,19.241,179.0,43.0,20.0,22.0,1.0469
SAN,2023-06-01,7841,24.967,16.49,0.0102,18.2,180.0,92.0,20.0,22.0,1.1348
SAN,2023-07-01,8128,25.097,17.447,0.00923,19.329,199.0,102.0,20.0,22.0,1.1408
SAN,2023-08-01,8058,24.774,15.885,0.02854,19.875,171.0,88.0,20.0,22.0,1.1261
SAN,2023-09-01,7612,22.133,10.786,0.00631,18.626,97.0,20.0,20.0,22.0,1.0061
SAN,2023-10-01,8026,23.258,12.504,0.00311,19.592,160.0,48.0,20.0,22.0,1.0572
SAN,2023-11-01,7673,24.433,9.52,0.00365,18.962,221.0,94.0,20.0,22.0,1.1106
SAN,2023-12-01,7848,23.645,8.832,0.00255,18.625,136.0,58.0,20.0,22.0,1.0748
SAN,2024-01-01,7075,20.323,12.458,0.04989,17.622,20.0,2.0,20.0,22.0,0.9238
SAN,2024-02-01,6581,20.483,12.719,0.00684,19.077,26.0,7.0,20.0,22.0,0.931
SAN,2024-03-01,7577,21.323,14.651,0.00633,19.248,53.0,10.0,20.0,22.0,0.9692
SAN,2024-04-01,7585,21.3,14.587,0.00461,19.806,66.0,8.0,20.0,22.0,0.9682
SAN,2024-05-01,7936,22.161,16.62,0.00844,19.849,124.0,22.0,20.0,22.0,1.0073
SAN,2024-06-01,8291,24.367,18.25,0.00736,21.909,294.0,112.0,20.0,22.0,1.1076
SAN,2024-07-01,8721,24.548,20.555,0.01892,22.376,278.0,100.0,20.0,22.0,1.1158
SAN,2024-08-01,8577,23.613,12.466,0.00793,22.467,285.0,89.0,20.0,22.0,1.0733
SAN,2024-09-01,7942,22.733,11.003,0.0029,22.993,165.0,34.0,20.0,22.0,1.0333
SAN,2024-10-01,8377,23.419,16.884,0.01313,25.208,222.0,62.0,20.0,22.0,1.0645
SAN,2024-11-01,7908,24.167,12.28,0.00379,22.358,290.0,114.0,20.0,22.0,1.0985
SAN,2024-12-01,8075,23.871,25.727,0.02551,23.305,213.0,80.0,20.0,22.0,1.085
SEA,2023-01-01,11873,34.903,10.327,0.00792,20.452,10.0,0.0,35.0,39.0,0.895
SEA,2023-02-01,11028,37.5,12.248,0.01913,20.74,114.0,23.0,35.0,39.0,0.9615
SEA,2023-03-01,12781,41.613,11.295,0.00759,19.655,333.0,99.0,35.0,39.0,1.067
SEA,2023-04-01,12820,41.1,10.764,0.01014,20.082,365.0,90.0,35.0,39.0,1.0538
SEA,2023-05-01,13784,40.742,8.852,0.0029,19.952,382.0,71.0,35.0,39.0,1.0447
SEA,2023-06-01,14679,42.933,13.922,0.00695,20.348,401.0,152.0,35.0,39.0,1.1009
SEA,2023-07-01,15666,43.742,15.44,0.006,20.093,495.0,234.0,35.0,39.0,1.1216
SEA,2023-08-01,15974,42.226,11.535,0.00382,20.905,419.0,165.0,35.0,39.0,1.0827
SEA,2023-09-01,15041,41.867,10.618,0.00352,21.305,421.0,131.0,35.0,39.0,1.0735
SEA,2023-10-01,14313,43.677,8.047,0.00105,21.341,345.0,145.0,35.0,39.0,1.1199
SEA,2023-11-01,13117,40.667,10.093,0.0016,21.502,195.0,60.0,35.0,39.0,1.0427
SEA,2023-12-01,12736,36.323,10.317,0.00534,20.583,56.0,5.0,35.0,39.0,0.9313
SEA,2024-01-01,11751,37.387,18.96,0.08212,19.135,90.0,25.0,35.0,39.0,0.9586
SEA,2024-02-01,11102,36.069,8.697,0.00297,19.523,52.0,14.0,35.0,39.0,0.9248
SEA,2024-03-01,12627,38.871,12.278,0.00317,20.122,125.0,40.0,35.0,39.0,0.9967
SEA,2024-04-01,12924,44.533,11.104,0.00193,20.378,305.0,167.0,35.0,39.0,1.1419
SEA,2024-05-01,14338,44.161,13.27,0.00488,21.073,377.0,160.0,35.0,39.0,1.1323
SEA,2024-06-01,15183,43.6,15.496,0.00461,21.816,573.0,189.0,35.0,39.0,1.1179
SEA,2024-07-01,16198,43.871,15.185,0.01679,21.458,647.0,245.0,35.0,39.0,1.1249
SEA,2024-08-01,15984,42.839,14.593,0.00801,22.651,575.0,173.0,35.0,39.0,1.0984
SEA,2024-09-01,14805,43.267,10.331,0.00324,22.914,539.0,182.0,35.0,39.0,1.1094
SEA,2024-10-01,13763,43.452,8.212,0.00385,21.818,370.0,171.0,35.0,39.0,1.1141
SEA,2024-11-01,12453,37.167,8.081,0.00369,21.074,81.0,3.0,35.0,39.0,0.953
SEA,2024-12-01,12596,36.452,12.496,0.005,21.586,68.0,1.0,35.0,39.0,0.9347
SFO,2023-01-01,10276,34.613,18.586,0.02384,20.778,179.0,30.0,31.0,34.0,1.018
SFO,2023-02-01,9713,36.5,13.419,0.01308,19.366,202.0,76.0,31.0,34.0,1.0735
SFO,2023-03-01,11257,38.194,21.407,0.02096,20.035,383.0,167.0,31.0,34.0,1.1233
SFO,2023-04-01,10908,38.3,12.685,0.01008,22.189,287.0,134.0,31.0,34.0,1.1265
SFO,2023-05-01,11880,36.548,13.402,0.00497,22.116,307.0,101.0,31.0,34.0,1.075
SFO,2023-06-01,11736,32.333,17.546,0.01892,20.207,67.0,7.0,31.0,34.0,0.951
SFO,2023-07-01,12201,34.323,17.442,0.0141,19.46,130.0,17.0,31.0,34.0,1.0095
SFO,2023-08-01,12185,33.419,14.169,0.01092,19.6,96.0,4.0,31.0,34.0,0.9829
SFO,2023-09-01,11543,35.433,12.071,0.0065,19.837,321.0,74.0,31.0,34.0,1.0422
SFO,2023-10-01,11784,37.839,10.067,0.00348,18.863,347.0,135.0,31.0,34.0,1.1129
SFO,2023-11-01,11186,35.5,10.273,0.00107,18.925,264.0,65.0,31.0,34.0,1.0441
SFO,2023-12-01,11036,36.452,14.901,0.00245,19.656,286.0,97.0,31.0,34.0,1.0721
SFO,2024-01-01,10133,39.065,16.845,0.05665,19.815,274.0,160.0,31.0,34.0,1.149
SFO,2024-02-01,9632,38.621,22.853,0.01838,21.229,257.0,134.0,31.0,34.0,1.1359
SFO,2024-03-01,10894,36.581,21.026,0.00854,21.072,228.0,82.0,31.0,34.0,1.0759
SFO,2024-04-01,10622,34.267,20.9,0.0081,21.059,158.0,16.0,31.0,34.0,1.0078
SFO,2024-05-01,10974,35.968,19.559,0.00847,19.891,243.0,86.0,31.0,34.0,1.0579
SFO,2024-06-01,10256,31.567,19.444,0.00673,19.402,35.0,0.0,31.0,34.0,0.9284
SFO,2024-07-01,11828,34.613,18.682,0.02384,19.334,181.0,26.0,31.0,34.0,1.018
SFO,2024-08-01,12036,35.032,15.288,0.00897,19.648,244.0,49.0,31.0,34.0,1.0304
SFO,2024-09-01,11767,35.5,11.843,0.00323,20.114,273.0,72.0,31.0,34.0,1.0441
SFO,2024-10-01,12568,35.258,11.314,0.00326,19.32,251.0,58.0,31.0,34.0,1.037
SFO,2024-11-01,12171,34.367,16.652,0.01183,20.236,194.0,43.0,31.0,34.0,1.0108
SFO,2024-12-01,12097,35.581,16.892,0.00727,20.379,224.0,72.0,31.0,34.0,1.0465
SLC,2023-01-01,8944,36.161,15.429,0.00906,22.549,409.0,152.0,27.0,32.05,1.1283
SLC,2023-02-01,8138,37.357,16.803,0.01966,20.025,392.0,162.3,27.0,32.05,1.1656
SLC,2023-03-01,9304,40.387,16.835,0.01139,20.173,541.0,258.5,27.0,32.05,1.2601
SLC,2023-04-01,8791,41.167,12.526,0.01376,18.335,542.0,276.4,27.0,32.05,1.2845
SLC,2023-05-01,9010,39.323,8.674,0.00477,16.73,468.0,226.4,27.0,32.05,1.2269
SLC,2023-06-01,9124,41.967,14.592,0.00921,16.749,517.0,298.5,27.0,32.05,1.3094
SLC,2023-07-01,9648,39.645,16.298,0.01078,16.952,397.0,235.5,27.0,32.05,1.237
SLC,2023-08-01,9621,36.032,12.711,0.00624,16.639,280.0,123.5,27.0,32.05,1.1243
SLC,2023-09-01,9166,42.6,9.81,0.00327,17.067,562.0,320.3,27.0,32.05,1.3292
SLC,2023-10-01,9414,43.161,7.047,0.00106,16.53,616.0,351.3,27.0,32.05,1.3467
SLC,2023-11-01,8816,41.833,6.054,0.00057,18.014,671.0,352.3,27.0,32.05,1.3053
SLC,2023-12-01,9301,42.613,9.136,0.0014,20.914,791.0,403.4,27.0,32.05,1.3296
SLC,2024-01-01,9459,42.032,17.036,0.01089,22.499,869.0,349.4,27.0,32.05,1.3115
SLC,2024-02-01,8723,42.414,9.283,0.00195,19.348,730.0,310.2,27.0,32.05,1.3234
SLC,2024-03-01,9721,44.097,12.545,0.00432,19.014,881.0,422.7,27.0,32.05,1.3759
SLC,2024-04-01,9336,44.1,10.697,0.00161,16.808,803.0,433.0,27.0,32.05,1.376
SLC,2024-05-01,9621,44.032,12.523,0.00405,16.616,726.0,410.7,27.0,32.05,1.3739
SLC,2024-06-01,9610,46.267,16.025,0.00323,16.826,788.0,491.6,27.0,32.05,1.4436
SLC,2024-07-01,9946,47.935,19.909,0.03268,16.977,944.0,608.2,27.0,32.05,1.4956
SLC,2024-08-01,9799,48.71,15.542,0.00592,17.373,868.0,573.7,27.0,32.05,1.5198
SLC,2024-09-01,9281,47.967,9.106,0.0014,17.026,866.0,553.5,27.0,32.05,1.4966
SLC,2024-10-01,9446,45.387,7.665,0.0018,16.482,868.0,483.2,27.0,32.05,1.4161
SLC,2024-11-01,8809,44.8,8.778,0.0025,18.873,752.0,406.9,27.0,32.05,1.3978
SLC,2024-12-01,9496,47.097,13.074,0.00253,20.828,927.0,501.3,27.0,32.05,1.4695
TPA,2023-01-01,6479,23.097,16.143,0.01821,13.808,294.0,143.0,16.0,19.0,1.2156
TPA,2023-02-01,6010,23.214,11.328,0.00932,13.813,281.0,132.0,16.0,19.0,1.2218
TPA,2023-03-01,7353,22.581,18.074,0.01292,14.649,392.0,139.0,16.0,19.0,1.1885
TPA,2023-04-01,7077,23.9,17.899,0.01484,14.183,348.0,163.0,16.0,19.0,1.2579
TPA,2023-05-01,6642,22.839,13.568,0.00482,13.821,248.0,121.0,16.0,19.0,1.202
TPA,2023-06-01,6201,19.5,26.041,0.01597,16.093,129.0,17.0,16.0,19.0,1.0263
TPA,2023-07-01,6441,20.258,25.388,0.01879,15.417,190.0,42.0,16.0,19.0,1.0662
TPA,2023-08-01,6159,23.29,18.509,0.07453,14.611,253.0,133.0,16.0,19.0,1.2258
TPA,2023-09-01,5700,22.167,14.176,0.0086,14.569,196.0,98.0,16.0,19.0,1.1667
TPA,2023-10-01,6607,23.194,10.676,0.00303,14.534,270.0,131.0,16.0,19.0,1.2207
TPA,2023-11-01,6737,23.2,9.166,0.00148,14.127,412.0,172.0,16.0,19.0,1.2211
TPA,2023-12-01,7257,25.613,13.069,0.00331,14.423,522.0,242.0,16.0,19.0,1.348
TPA,2024-01-01,6822,24.387,16.252,0.03137,14.556,452.0,191.0,16.0,19.0,1.2835
TPA,2024-02-01,6571,22.793,9.252,0.00365,14.969,458.0,157.0,16.0,19.0,1.1996
TPA,2024-03-01,8040,22.581,23.737,0.01567,17.94,642.0,200.0,16.0,19.0,1.1885
TPA,2024-04-01,7121,23.4,15.507,0.01306,14.538,473.0,169.0,16.0,19.0,1.2316
TPA,2024-05-01,6846,22.258,24.121,0.01096,15.825,380.0,130.0,16.0,19.0,1.1715
TPA,2024-06-01,6247,24.133,20.935,0.00976,15.226,277.0,157.0,16.0,19.0,1.2702
TPA,2024-07-01,6327,25.387,28.793,0.02655,17.235,302.0,198.0,16.0,19.0,1.3362
TPA,2024-08-01,5902,24.903,21.588,0.04253,15.597,294.0,183.0,16.0,19.0,1.3107
TPA,2024-09-01,5440,23.733,11.248,0.05515,15.114,239.0,143.0,16.0,19.0,1.2491
TPA,2024-10-01,6051,21.935,9.809,0.10478,13.712,315.0,124.0,16.0,19.0,1.1545
TPA,2024-11-01,6347,22.967,9.488,0.00236,14.11,352.0,136.0,16.0,19.0,1.2088
TPA,2024-12-01,6803,21.29,16.433,0.00353,14.649,333.0,107.0,16.0,19.0,1.1205
